Date,ActualLabel,ProbabilityUp,PredictedLabel,Split
2008-08-08,0,0,0,train
2008-08-11,1,0.9104,1,train
2008-08-12,0,0,0,train
2008-08-13,0,0,0,train
2008-08-14,1,0.9305,1,train
2008-08-15,1,0.9466,1,train
2008-08-18,0,0.7606,1,train
2008-08-19,0,0.0001,0,train
2008-08-20,1,0.9994,1,train
2008-08-21,1,0.5921,1,train
2008-08-22,1,0.996,1,train
2008-08-25,0,0.0925,0,train
2008-08-26,1,0.9519,1,train
2008-08-27,1,0.9996,1,train
2008-08-28,1,0.9882,1,train
2008-08-29,0,0.0044,0,train
2008-09-02,0,0.0679,0,train
2008-09-03,1,0.6267,1,train
2008-09-04,0,0.0171,0,train
2008-09-05,1,1,1,train
2008-09-08,1,0.9754,1,train
2008-09-09,0,0.0131,0,train
2008-09-10,1,0.984,1,train
2008-09-11,1,0.9964,1,train
2008-09-12,0,0,0,train
2008-09-15,0,0.0044,0,train
2008-09-16,1,0.9998,1,train
2008-09-17,0,0.0007,0,train
2008-09-18,1,0.997,1,train
2008-09-19,1,0.8661,1,train
2008-09-22,0,0.0087,0,train
2008-09-23,0,0.0093,0,train
2008-09-24,0,0.0004,0,train
2008-09-25,1,0.1159,0,train
2008-09-26,1,0.9797,1,train
2008-09-29,0,0.9214,1,train
2008-09-30,1,0.9949,1,train
2008-10-01,0,0.0001,0,train
2008-10-02,0,0.0008,0,train
2008-10-03,0,0.0087,0,train
2008-10-06,0,0.0003,0,train
2008-10-07,0,0.0003,0,train
2008-10-08,0,0.0023,0,train
2008-10-09,0,0.0282,0,train
2008-10-10,0,0,0,train
2008-10-13,1,0.1405,0,train
2008-10-14,0,0.0047,0,train
2008-10-15,0,0.0188,0,train
2008-10-16,1,0.9992,1,train
2008-10-17,0,0.0412,0,train
2008-10-20,1,0.5319,1,train
2008-10-21,0,0.0001,0,train
2008-10-22,0,0.0016,0,train
2008-10-23,1,1,1,train
2008-10-24,0,0.0056,0,train
2008-10-27,0,0.0082,0,train
2008-10-28,1,0.9774,1,train
2008-10-29,0,0.0001,0,train
2008-10-30,1,0.9996,1,train
2008-10-31,1,0.997,1,train
2008-11-03,0,0,0,train
2008-11-04,1,0.99,1,train
2008-11-05,0,0.0031,0,train
2008-11-06,0,0,0,train
2008-11-07,1,0.8235,1,train
2008-11-10,0,0.0016,0,train
2008-11-11,0,0.6329,1,train
2008-11-12,0,0.982,1,train
2008-11-13,1,0.9999,1,train
2008-11-14,0,0.0039,0,train
2008-11-17,0,0.0001,0,train
2008-11-18,1,0.553,1,train
2008-11-19,0,0.0075,0,train
2008-11-20,0,0.0025,0,train
2008-11-21,1,0.9969,1,train
2008-11-24,1,0.6484,1,train
2008-11-25,1,0.9983,1,train
2008-11-26,1,1,1,train
2008-11-28,1,1,1,train
2008-12-01,0,0.0318,0,train
2008-12-02,1,0.7675,1,train
2008-12-03,1,1,1,train
2008-12-04,0,0.9944,1,train
2008-12-05,1,0.1705,0,train
2008-12-08,1,0.9999,1,train
2008-12-09,0,0.7132,1,train
2008-12-10,1,0.9996,1,train
2008-12-11,0,0.0013,0,train
2008-12-12,1,0.9315,1,train
2008-12-15,0,0,0,train
2008-12-16,1,0.6568,1,train
2008-12-17,0,0.0041,0,train
2008-12-18,0,0,0,train
2008-12-19,0,0.0003,0,train
2008-12-22,0,0.0005,0,train
2008-12-23,0,0.0008,0,train
2008-12-24,1,0.9949,1,train
2008-12-26,1,0.5764,1,train
2008-12-29,0,0.0043,0,train
2008-12-30,1,0.9999,1,train
2008-12-31,1,0.2658,0,train
2009-01-02,1,0.9971,1,train
2009-01-05,0,0,0,train
2009-01-06,1,0.5804,1,train
2009-01-07,0,0.0037,0,train
2009-01-08,0,0.1033,0,train
2009-01-09,0,0.0003,0,train
2009-01-12,0,0.0861,0,train
2009-01-13,0,0.0106,0,train
2009-01-14,0,0.0031,0,train
2009-01-15,1,0.9703,1,train
2009-01-16,1,0.9079,1,train
2009-01-20,0,0.0002,0,train
2009-01-21,1,0.9994,1,train
2009-01-22,0,0.0194,0,train
2009-01-23,0,0.0003,0,train
2009-01-26,1,0.9992,1,train
2009-01-27,1,0.2821,0,train
2009-01-28,1,0.0878,0,train
2009-01-29,0,0,0,train
2009-01-30,0,0.061,0,train
2009-02-02,0,0.0009,0,train
2009-02-03,1,0.9993,1,train
2009-02-04,0,0.0011,0,train
2009-02-05,1,1,1,train
2009-02-06,1,0.9885,1,train
2009-02-09,0,0.0007,0,train
2009-02-10,0,0.0091,0,train
2009-02-11,1,0.9973,1,train
2009-02-12,0,0,0,train
2009-02-13,0,0.009,0,train
2009-02-17,0,0.0134,0,train
2009-02-18,1,0.6365,1,train
2009-02-19,0,0.0003,0,train
2009-02-20,0,0.0003,0,train
2009-02-23,0,0.0002,0,train
2009-02-24,1,0.502,1,train
2009-02-25,0,0.0006,0,train
2009-02-26,0,0.8832,1,train
2009-02-27,0,0,0,train
2009-03-02,0,0.0787,0,train
2009-03-03,0,0,0,train
2009-03-04,1,0.9964,1,train
2009-03-05,0,0.0003,0,train
2009-03-06,1,0.9976,1,train
2009-03-09,0,0.0336,0,train
2009-03-10,1,1,1,train
2009-03-11,1,0.0219,0,train
2009-03-12,1,0.8605,1,train
2009-03-13,1,0.9907,1,train
2009-03-16,0,0.0012,0,train
2009-03-17,1,0.994,1,train
2009-03-18,1,0.9984,1,train
2009-03-19,0,0.7389,1,train
2009-03-20,0,0.0002,0,train
2009-03-23,1,0.8532,1,train
2009-03-24,0,0.0021,0,train
2009-03-25,1,0.9456,1,train
2009-03-26,1,0.9064,1,train
2009-03-27,0,0.0002,0,train
2009-03-30,0,0.0001,0,train
2009-03-31,1,0.975,1,train
2009-04-01,1,0.9476,1,train
2009-04-02,1,0.9997,1,train
2009-04-03,1,0.7156,1,train
2009-04-06,0,0,0,train
2009-04-07,0,0,0,train
2009-04-08,1,0.9999,1,train
2009-04-09,1,0.9999,1,train
2009-04-13,0,0.006,0,train
2009-04-14,0,0.0303,0,train
2009-04-15,1,0.9584,1,train
2009-04-16,1,0.9993,1,train
2009-04-17,1,0.9915,1,train
2009-04-20,0,0,0,train
2009-04-21,1,0.9818,1,train
2009-04-22,0,0,0,train
2009-04-23,1,0.999,1,train
2009-04-24,1,0.1331,0,train
2009-04-27,0,0.0003,0,train
2009-04-28,0,0,0,train
2009-04-29,1,0.991,1,train
2009-04-30,0,0.0105,0,train
2009-05-01,1,0.9874,1,train
2009-05-04,1,0.8649,1,train
2009-05-05,0,0,0,train
2009-05-06,1,1,1,train
2009-05-07,0,0.001,0,train
2009-05-08,1,0.1861,0,train
2009-05-11,0,0.0154,0,train
2009-05-12,1,0.9983,1,train
2009-05-13,0,0.0167,0,train
2009-05-14,1,0.2691,0,train
2009-05-15,0,0.0001,0,train
2009-05-18,1,0.9805,1,train
2009-05-19,0,0.0107,0,train
2009-05-20,0,0.0037,0,train
2009-05-21,0,0,0,train
2009-05-22,0,0.0003,0,train
2009-05-26,1,0.9935,1,train
2009-05-27,0,0,0,train
2009-05-28,1,0.9998,1,train
2009-05-29,1,1,1,train
2009-06-01,1,1,1,train
2009-06-02,1,0.9998,1,train
2009-06-03,0,0.555,1,train
2009-06-04,1,1,1,train
2009-06-05,1,1,1,train
2009-06-08,1,0.9991,1,train
2009-06-09,0,0.0031,0,train
2009-06-10,0,0.0099,0,train
2009-06-11,1,0.9999,1,train
2009-06-12,1,1,1,train
2009-06-15,0,0,0,train
2009-06-16,0,0.0027,0,train
2009-06-17,0,0,0,train
2009-06-18,1,0.9805,1,train
2009-06-19,0,0,0,train
2009-06-22,0,0,0,train
2009-06-23,0,0,0,train
2009-06-24,0,0,0,train
2009-06-25,1,0.9998,1,train
2009-06-26,0,0.0306,0,train
2009-06-29,1,0.9934,1,train
2009-06-30,0,0.0036,0,train
2009-07-01,1,0.9409,1,train
2009-07-02,0,0,0,train
2009-07-06,1,0.9989,1,train
2009-07-07,0,0,0,train
2009-07-08,1,0.9998,1,train
2009-07-09,1,0.9976,1,train
2009-07-10,0,0.0644,0,train
2009-07-13,1,0.9893,1,train
2009-07-14,1,0.9416,1,train
2009-07-15,1,0.9882,1,train
2009-07-16,1,0.9576,1,train
2009-07-17,1,1,1,train
2009-07-20,1,0.9999,1,train
2009-07-21,1,0.9998,1,train
2009-07-22,0,0.1527,0,train
2009-07-23,1,0.9318,1,train
2009-07-24,1,1,1,train
2009-07-27,1,1,1,train
2009-07-28,0,0.0002,0,train
2009-07-29,0,0,0,train
2009-07-30,1,0.8706,1,train
2009-07-31,1,1,1,train
2009-08-03,1,1,1,train
2009-08-04,1,0.9998,1,train
2009-08-05,0,0.0001,0,train
2009-08-06,0,0.9903,1,train
2009-08-07,1,0.9999,1,train
2009-08-10,0,0,0,train
2009-08-11,0,0,0,train
2009-08-12,1,0.9997,1,train
2009-08-13,1,1,1,train
2009-08-14,0,0.0001,0,train
2009-08-17,0,0.0227,0,train
2009-08-18,1,0.9985,1,train
2009-08-19,1,1,1,train
2009-08-20,1,0.9782,1,train
2009-08-21,1,1,1,train
2009-08-24,1,1,1,train
2009-08-25,1,0.9999,1,train
2009-08-26,1,0.9978,1,train
2009-08-27,1,0.0069,0,train
2009-08-28,0,0.0008,0,train
2009-08-31,0,0.0003,0,train
2009-09-01,0,0.001,0,train
2009-09-02,0,0,0,train
2009-09-03,1,1,1,train
2009-09-04,1,1,1,train
2009-09-08,1,1,1,train
2009-09-09,1,0.9964,1,train
2009-09-10,1,0.9917,1,train
2009-09-11,0,0,0,train
2009-09-14,1,0.9982,1,train
2009-09-15,1,0.9913,1,train
2009-09-16,1,0.9995,1,train
2009-09-17,0,0,0,train
2009-09-18,1,0.9962,1,train
2009-09-21,0,0,0,train
2009-09-22,1,0.9779,1,train
2009-09-23,0,0.0015,0,train
2009-09-24,0,0,0,train
2009-09-25,0,0.0012,0,train
2009-09-28,1,0.987,1,train
2009-09-29,0,0,0,train
2009-09-30,0,0.0006,0,train
2009-10-01,0,0,0,train
2009-10-02,0,0.0001,0,train
2009-10-05,1,1,1,train
2009-10-06,1,1,1,train
2009-10-07,0,0.0058,0,train
2009-10-08,1,0.9977,1,train
2009-10-09,1,0.9987,1,train
2009-10-12,1,1,1,train
2009-10-13,0,0.0003,0,train
2009-10-14,1,0.9992,1,train
2009-10-15,1,0.9999,1,train
2009-10-16,0,0.9087,1,train
2009-10-19,1,1,1,train
2009-10-20,0,0.0036,0,train
2009-10-21,0,0.0003,0,train
2009-10-22,1,1,1,train
2009-10-23,0,0.0022,0,train
2009-10-26,0,0.0028,0,train
2009-10-27,1,1,1,train
2009-10-28,0,0,0,train
2009-10-29,1,0.987,1,train
2009-10-30,0,0.0001,0,train
2009-11-02,1,1,1,train
2009-11-03,0,0,0,train
2009-11-04,1,1,1,train
2009-11-05,1,1,1,train
2009-11-06,1,0.9999,1,train
2009-11-09,1,0.9999,1,train
2009-11-10,1,0.9999,1,train
2009-11-11,1,1,1,train
2009-11-12,0,0.0001,0,train
2009-11-13,1,0.9999,1,train
2009-11-16,1,0.9956,1,train
2009-11-17,1,0.9998,1,train
2009-11-18,0,0.5626,1,train
2009-11-19,0,0.0025,0,train
2009-11-20,0,0.0001,0,train
2009-11-23,1,0.9996,1,train
2009-11-24,0,0,0,train
2009-11-25,1,0.9983,1,train
2009-11-27,0,0.739,1,train
2009-11-30,1,1,1,train
2009-12-01,1,0.9999,1,train
2009-12-02,0,0,0,train
2009-12-03,0,0.0589,0,train
2009-12-04,1,0.998,1,train
2009-12-07,1,1,1,train
2009-12-08,0,0.2657,0,train
2009-12-09,1,1,1,train
2009-12-10,1,0.8754,1,train
2009-12-11,1,0.9442,1,train
2009-12-14,1,1,1,train
2009-12-15,0,0.0006,0,train
2009-12-16,0,0.0001,0,train
2009-12-17,0,0,0,train
2009-12-18,1,1,1,train
2009-12-21,1,0.9682,1,train
2009-12-22,1,1,1,train
2009-12-23,1,0.9999,1,train
2009-12-24,1,0.7163,1,train
2009-12-28,1,0.9998,1,train
2009-12-29,0,0.0043,0,train
2009-12-30,1,0.9994,1,train
2009-12-31,0,0,0,train
2010-01-04,1,0.9984,1,train
2010-01-05,0,0.0241,0,train
2010-01-06,1,1,1,train
2010-01-07,1,1,1,train
2010-01-08,1,0.9998,1,train
2010-01-11,1,0.9996,1,train
2010-01-12,0,0,0,train
2010-01-13,1,0.9994,1,train
2010-01-14,1,0.9949,1,train
2010-01-15,0,0,0,train
2010-01-19,1,0.9092,1,train
2010-01-20,0,0.0002,0,train
2010-01-21,0,0.0022,0,train
2010-01-22,0,0.0001,0,train
2010-01-25,1,0.9997,1,train
2010-01-26,0,0.0005,0,train
2010-01-27,1,0.9856,1,train
2010-01-28,0,0,0,train
2010-01-29,0,0,0,train
2010-02-01,1,1,1,train
2010-02-02,1,1,1,train
2010-02-03,0,0.0048,0,train
2010-02-04,0,0.0016,0,train
2010-02-05,1,0.9999,1,train
2010-02-08,0,0,0,train
2010-02-09,1,0.4496,0,train
2010-02-10,0,0.0005,0,train
2010-02-11,1,1,1,train
2010-02-12,0,0,0,train
2010-02-16,1,1,1,train
2010-02-17,1,0.9963,1,train
2010-02-18,1,0.9972,1,train
2010-02-19,1,0.9942,1,train
2010-02-22,0,0.0005,0,train
2010-02-23,0,0.0541,0,train
2010-02-24,1,1,1,train
2010-02-25,0,0.0051,0,train
2010-02-26,1,1,1,train
2010-03-01,1,0.998,1,train
2010-03-02,1,1,1,train
2010-03-03,0,0,0,train
2010-03-04,1,1,1,train
2010-03-05,1,0.3994,0,train
2010-03-08,0,0.002,0,train
2010-03-09,1,1,1,train
2010-03-10,1,0.9976,1,train
2010-03-11,1,1,1,train
2010-03-12,1,0.9938,1,train
2010-03-15,1,1,1,train
2010-03-16,1,1,1,train
2010-03-17,1,1,1,train
2010-03-18,1,1,1,train
2010-03-19,0,0,0,train
2010-03-22,1,1,1,train
2010-03-23,1,0.9464,1,train
2010-03-24,0,0.0026,0,train
2010-03-25,1,0.9998,1,train
2010-03-26,1,0.9999,1,train
2010-03-29,1,0.9998,1,train
2010-03-30,1,0.9991,1,train
2010-03-31,0,0.1104,0,train
2010-04-01,1,0.3768,0,train
2010-04-05,1,0.9999,1,train
2010-04-06,0,0.3848,0,train
2010-04-07,0,0.0025,0,train
2010-04-08,1,1,1,train
2010-04-09,1,1,1,train
2010-04-12,1,0.9983,1,train
2010-04-13,1,0.9543,1,train
2010-04-14,1,1,1,train
2010-04-15,1,0.9989,1,train
2010-04-16,0,0.0008,0,train
2010-04-19,1,1,1,train
2010-04-20,1,1,1,train
2010-04-21,1,1,1,train
2010-04-22,1,0.9998,1,train
2010-04-23,1,0.9995,1,train
2010-04-26,1,0.998,1,train
2010-04-27,0,0.0029,0,train
2010-04-28,1,1,1,train
2010-04-29,1,0.9982,1,train
2010-04-30,0,0,0,train
2010-05-03,1,0.3539,0,train
2010-05-04,0,0.0006,0,train
2010-05-05,0,0.7963,1,train
2010-05-06,0,0,0,train
2010-05-07,0,0.7814,1,train
2010-05-10,1,1,1,train
2010-05-11,0,0.0007,0,train
2010-05-12,1,0.9994,1,train
2010-05-13,0,0,0,train
2010-05-14,0,0,0,train
2010-05-17,1,0.9982,1,train
2010-05-18,0,0,0,train
2010-05-19,0,0.0547,0,train
2010-05-20,0,0.0399,0,train
2010-05-21,1,1,1,train
2010-05-24,0,0,0,train
2010-05-25,0,0.0011,0,train
2010-05-26,0,0,0,train
2010-05-27,1,0.9998,1,train
2010-05-28,0,0.0001,0,train
2010-06-01,0,0.0422,0,train
2010-06-02,1,0.7564,1,train
2010-06-03,1,0.9984,1,train
2010-06-04,0,0.0002,0,train
2010-06-07,0,0.0092,0,train
2010-06-08,1,0.9977,1,train
2010-06-09,0,0.001,0,train
2010-06-10,1,0.9976,1,train
2010-06-11,1,0.9995,1,train
2010-06-14,0,0.0017,0,train
2010-06-15,1,1,1,train
2010-06-16,1,1,1,train
2010-06-17,1,0.9944,1,train
2010-06-18,1,1,1,train
2010-06-21,0,0,0,train
2010-06-22,0,0,0,train
2010-06-23,1,1,1,train
2010-06-24,0,0.0007,0,train
2010-06-25,0,0,0,train
2010-06-28,0,0,0,train
2010-06-29,0,0.0013,0,train
2010-06-30,0,0,0,train
2010-07-01,0,0.001,0,train
2010-07-02,0,0.0193,0,train
2010-07-06,1,0.9999,1,train
2010-07-07,1,0.996,1,train
2010-07-08,1,0.9999,1,train
2010-07-09,1,0.9236,1,train
2010-07-12,1,1,1,train
2010-07-13,1,1,1,train
2010-07-14,1,1,1,train
2010-07-15,0,0.9981,1,train
2010-07-16,0,0,0,train
2010-07-19,1,1,1,train
2010-07-20,1,1,1,train
2010-07-21,0,0.0875,0,train
2010-07-22,1,0.9998,1,train
2010-07-23,1,1,1,train
2010-07-26,1,0.8386,1,train
2010-07-27,1,1,1,train
2010-07-28,0,0,0,train
2010-07-29,0,0,0,train
2010-07-30,0,0,0,train
2010-08-02,1,1,1,train
2010-08-03,0,0,0,train
2010-08-04,1,0.989,1,train
2010-08-05,0,0,0,train
2010-08-06,0,0.0054,0,train
2010-08-09,1,0.9999,1,train
2010-08-10,0,0.0011,0,train
2010-08-11,0,0.0115,0,train
2010-08-12,0,0.7543,1,train
2010-08-13,0,0.0006,0,train
2010-08-16,0,0.001,0,train
2010-08-17,1,0.7022,1,train
2010-08-18,1,0.9962,1,train
2010-08-19,0,0,0,train
2010-08-20,0,0,0,train
2010-08-23,0,0.0351,0,train
2010-08-24,0,0,0,train
2010-08-25,1,1,1,train
2010-08-26,0,0.0199,0,train
2010-08-27,1,0.9995,1,train
2010-08-30,0,0.0036,0,train
2010-08-31,1,1,1,train
2010-09-01,1,1,1,train
2010-09-02,1,0.9943,1,train
2010-09-03,1,0.1151,0,train
2010-09-07,0,0.001,0,train
2010-09-08,1,1,1,train
2010-09-09,1,0.9981,1,train
2010-09-10,1,1,1,train
2010-09-13,1,0.9999,1,train
2010-09-14,0,0.0008,0,train
2010-09-15,1,1,1,train
2010-09-16,1,1,1,train
2010-09-17,1,0.8719,1,train
2010-09-20,1,0.9997,1,train
2010-09-21,1,0.5409,1,train
2010-09-22,0,0.0475,0,train
2010-09-23,0,0,0,train
2010-09-24,1,0.9999,1,train
2010-09-27,0,0.0047,0,train
2010-09-28,1,1,1,train
2010-09-29,0,0.0656,0,train
2010-09-30,0,0.0023,0,train
2010-10-01,1,0.9999,1,train
2010-10-04,0,0,0,train
2010-10-05,1,0.9994,1,train
2010-10-06,1,1,1,train
2010-10-07,0,0.026,0,train
2010-10-08,1,1,1,train
2010-10-11,1,1,1,train
2010-10-12,1,0.9995,1,train
2010-10-13,1,0.9963,1,train
2010-10-14,0,0.0011,0,train
2010-10-15,0,0.4515,0,train
2010-10-18,1,0.431,0,train
2010-10-19,0,0.0002,0,train
2010-10-20,1,1,1,train
2010-10-21,1,1,1,train
2010-10-22,0,0.0128,0,train
2010-10-25,1,0.9998,1,train
2010-10-26,1,0.9996,1,train
2010-10-27,0,0.4177,0,train
2010-10-28,0,0.0001,0,train
2010-10-29,1,0.9988,1,train
2010-11-01,1,0.9998,1,train
2010-11-02,1,1,1,train
2010-11-03,1,1,1,train
2010-11-04,1,1,1,train
2010-11-05,1,1,1,train
2010-11-08,0,0.8794,1,train
2010-11-09,0,0.0001,0,train
2010-11-10,1,1,1,train
2010-11-11,0,0,0,train
2010-11-12,0,0,0,train
2010-11-15,1,1,1,train
2010-11-16,0,0.2585,0,train
2010-11-17,0,0,0,train
2010-11-18,1,0.9958,1,train
2010-11-19,1,1,1,train
2010-11-22,0,0,0,train
2010-11-23,0,0,0,train
2010-11-24,1,1,1,train
2010-11-26,0,0.0251,0,train
2010-11-29,0,0,0,train
2010-11-30,0,0,0,train
2010-12-01,1,1,1,train
2010-12-02,1,1,1,train
2010-12-03,1,1,1,train
2010-12-06,0,0.0002,0,train
2010-12-07,0,0.0816,0,train
2010-12-08,1,1,1,train
2010-12-09,0,0.6524,1,train
2010-12-10,1,1,1,train
2010-12-13,1,1,1,train
2010-12-14,1,1,1,train
2010-12-15,0,0.0068,0,train
2010-12-16,1,1,1,train
2010-12-17,0,0,0,train
2010-12-20,0,0,0,train
2010-12-21,1,1,1,train
2010-12-22,1,0.9997,1,train
2010-12-23,1,1,1,train
2010-12-27,0,0.0018,0,train
2010-12-28,1,1,1,train
2010-12-29,1,1,1,train
2010-12-30,0,0.2277,0,train
2010-12-31,1,1,1,train
2011-01-03,1,0.9999,1,train
2011-01-04,1,0.9294,1,train
2011-01-05,1,1,1,train
2011-01-06,0,0.0016,0,train
2011-01-07,0,0.0109,0,train
2011-01-10,0,0.0002,0,train
2011-01-11,1,0.9989,1,train
2011-01-12,1,0.9999,1,train
2011-01-13,0,0.9006,1,train
2011-01-14,1,0.9999,1,train
2011-01-18,1,0.9999,1,train
2011-01-19,0,0.006,0,train
2011-01-20,0,0.0009,0,train
2011-01-21,1,0.997,1,train
2011-01-24,1,1,1,train
2011-01-25,0,0.5489,1,train
2011-01-26,1,1,1,train
2011-01-27,1,1,1,train
2011-01-28,0,0.9188,1,train
2011-01-31,1,1,1,train
2011-02-01,1,1,1,train
2011-02-02,1,1,1,train
2011-02-03,1,1,1,train
2011-02-04,1,1,1,train
2011-02-07,1,1,1,train
2011-02-08,1,1,1,train
2011-02-09,1,0.9998,1,train
2011-02-10,0,0.4533,0,train
2011-02-11,1,1,1,train
2011-02-14,0,0.0109,0,train
2011-02-15,0,0.0199,0,train
2011-02-16,1,1,1,train
2011-02-17,1,0.9463,1,train
2011-02-18,1,0.9989,1,train
2011-02-22,0,0.014,0,train
2011-02-23,0,0.9078,1,train
2011-02-24,0,0.0001,0,train
2011-02-25,1,1,1,train
2011-02-28,1,0.9984,1,train
2011-03-01,0,0.191,0,train
2011-03-02,1,0.9997,1,train
2011-03-03,1,0.9997,1,train
2011-03-04,0,0.0001,0,train
2011-03-07,0,0,0,train
2011-03-08,1,1,1,train
2011-03-09,0,0.1282,0,train
2011-03-10,0,0.0328,0,train
2011-03-11,1,0.994,1,train
2011-03-14,0,0.0044,0,train
2011-03-15,0,0.0001,0,train
2011-03-16,0,0,0,train
2011-03-17,1,1,1,train
2011-03-18,1,0.9763,1,train
2011-03-21,1,0.9987,1,train
2011-03-22,0,0.006,0,train
2011-03-23,1,1,1,train
2011-03-24,1,0.8851,1,train
2011-03-25,1,0.9994,1,train
2011-03-28,0,0.0009,0,train
2011-03-29,1,1,1,train
2011-03-30,1,0.8885,1,train
2011-03-31,0,0.0044,0,train
2011-04-01,1,1,1,train
2011-04-04,1,1,1,train
2011-04-05,0,0.0339,0,train
2011-04-06,1,0.9976,1,train
2011-04-07,0,0,0,train
2011-04-08,0,0.8269,1,train
2011-04-11,1,0.4006,0,train
2011-04-12,0,0.0743,0,train
2011-04-13,1,1,1,train
2011-04-14,1,1,1,train
2011-04-15,1,0.9972,1,train
2011-04-18,0,0.0255,0,train
2011-04-19,1,0.9999,1,train
2011-04-20,1,1,1,train
2011-04-21,1,0.92,1,train
2011-04-25,0,0.0015,0,train
2011-04-26,1,0.9999,1,train
2011-04-27,1,0.9994,1,train
2011-04-28,1,0.9909,1,train
2011-04-29,1,1,1,train
2011-05-02,0,0,0,train
2011-05-03,1,0.3205,0,train
2011-05-04,0,0,0,train
2011-05-05,0,0,0,train
2011-05-06,1,0.1199,0,train
2011-05-09,1,0.9764,1,train
2011-05-10,1,0.3503,0,train
2011-05-11,0,0.9014,1,train
2011-05-12,1,1,1,train
2011-05-13,0,0.0001,0,train
2011-05-16,0,0,0,train
2011-05-17,0,0,0,train
2011-05-18,1,0.4598,0,train
2011-05-19,1,1,1,train
2011-05-20,0,0.0002,0,train
2011-05-23,0,0.0195,0,train
2011-05-24,0,0.0002,0,train
2011-05-25,1,0.9999,1,train
2011-05-26,1,0.9956,1,train
2011-05-27,1,1,1,train
2011-05-31,1,0.9992,1,train
2011-06-01,0,0,0,train
2011-06-02,0,0.2055,0,train
2011-06-03,0,0.0048,0,train
2011-06-06,0,0,0,train
2011-06-07,0,0.0057,0,train
2011-06-08,0,0,0,train
2011-06-09,1,1,1,train
2011-06-10,0,0.0009,0,train
2011-06-13,1,1,1,train
2011-06-14,1,0.9067,1,train
2011-06-15,0,0.0008,0,train
2011-06-16,1,0.9997,1,train
2011-06-17,1,1,1,train
2011-06-20,1,0.8233,1,train
2011-06-21,1,0.996,1,train
2011-06-22,0,0.0015,0,train
2011-06-23,0,0,0,train
2011-06-24,0,0,0,train
2011-06-27,1,0.9994,1,train
2011-06-28,1,1,1,train
2011-06-29,1,0.9999,1,train
2011-06-30,1,0.9999,1,train
2011-07-01,1,0.9913,1,train
2011-07-05,0,0.001,0,train
2011-07-06,1,0.8583,1,train
2011-07-07,1,0.3848,0,train
2011-07-08,0,0,0,train
2011-07-11,0,0,0,train
2011-07-12,0,0,0,train
2011-07-13,1,1,1,train
2011-07-14,0,0.0006,0,train
2011-07-15,1,0.9544,1,train
2011-07-18,0,0,0,train
2011-07-19,1,0.9988,1,train
2011-07-20,0,0,0,train
2011-07-21,1,0.8355,1,train
2011-07-22,0,0,0,train
2011-07-25,0,0,0,train
2011-07-26,0,0,0,train
2011-07-27,0,0.0041,0,train
2011-07-28,0,0.0009,0,train
2011-07-29,0,0.1382,0,train
2011-08-01,0,0.0001,0,train
2011-08-02,0,0,0,train
2011-08-03,1,0.999,1,train
2011-08-04,0,0,0,train
2011-08-05,1,0.9999,1,train
2011-08-08,0,0.0028,0,train
2011-08-09,1,1,1,train
2011-08-10,0,0.0004,0,train
2011-08-11,1,0.5414,1,train
2011-08-12,1,0.9994,1,train
2011-08-15,1,1,1,train
2011-08-16,0,0,0,train
2011-08-17,1,1,1,train
2011-08-18,0,0.0065,0,train
2011-08-19,0,0.0005,0,train
2011-08-22,1,0.9894,1,train
2011-08-23,1,1,1,train
2011-08-24,1,0.9821,1,train
2011-08-25,0,0.0024,0,train
2011-08-26,1,0.9996,1,train
2011-08-29,1,0.9918,1,train
2011-08-30,1,0.9999,1,train
2011-08-31,1,0.9991,1,train
2011-09-01,0,0.0008,0,train
2011-09-02,0,0,0,train
2011-09-06,0,0,0,train
2011-09-07,1,1,1,train
2011-09-08,0,0.0016,0,train
2011-09-09,0,0.0751,0,train
2011-09-12,1,0.9574,1,train
2011-09-13,1,1,1,train
2011-09-14,1,0.9959,1,train
2011-09-15,1,1,1,train
2011-09-16,1,0.5894,1,train
2011-09-19,0,0.0004,0,train
2011-09-20,1,0.0133,0,train
2011-09-21,0,0.0002,0,train
2011-09-22,0,0.6894,1,train
2011-09-23,1,1,1,train
2011-09-26,1,1,1,train
2011-09-27,1,0.9997,1,train
2011-09-28,0,0.1719,0,train
2011-09-29,1,0.9995,1,train
2011-09-30,0,0.0092,0,train
2011-10-03,0,0.0527,0,train
2011-10-04,1,0.9999,1,train
2011-10-05,1,0.9989,1,train
2011-10-06,1,1,1,train
2011-10-07,0,0.0007,0,train
2011-10-10,1,1,1,train
2011-10-11,0,0.0102,0,train
2011-10-12,1,1,1,train
2011-10-13,0,0,0,train
2011-10-14,1,0.4926,0,train
2011-10-17,0,0.8471,1,train
2011-10-18,1,0.9983,1,train
2011-10-19,0,0.0048,0,train
2011-10-20,1,1,1,train
2011-10-21,1,1,1,train
2011-10-24,1,0.9244,1,train
2011-10-25,0,0.8216,1,train
2011-10-26,1,1,1,train
2011-10-27,1,0.9992,1,train
2011-10-28,1,1,1,train
2011-10-31,0,0,0,train
2011-11-01,0,0.0199,0,train
2011-11-02,1,0.9997,1,train
2011-11-03,1,0.9988,1,train
2011-11-04,0,0.0003,0,train
2011-11-07,1,0.0521,0,train
2011-11-08,1,1,1,train
2011-11-09,0,0,0,train
2011-11-10,1,1,1,train
2011-11-11,1,0.5006,1,train
2011-11-14,0,0.0001,0,train
2011-11-15,1,1,1,train
2011-11-16,0,0.1595,0,train
2011-11-17,0,0,0,train
2011-11-18,1,1,1,train
2011-11-21,0,0,0,train
2011-11-22,0,0.0002,0,train
2011-11-23,0,0.0021,0,train
2011-11-25,0,0.0016,0,train
2011-11-28,1,0.9991,1,train
2011-11-29,1,0.9907,1,train
2011-11-30,1,1,1,train
2011-12-01,0,0.0004,0,train
2011-12-02,0,0.0054,0,train
2011-12-05,1,1,1,train
2011-12-06,1,1,1,train
2011-12-07,1,0.9993,1,train
2011-12-08,0,0,0,train
2011-12-09,1,1,1,train
2011-12-12,0,0,0,train
2011-12-13,0,0,0,train
2011-12-14,0,0.0001,0,train
2011-12-15,1,1,1,train
2011-12-16,0,0,0,train
2011-12-19,0,0.0013,0,train
2011-12-20,1,1,1,train
2011-12-21,1,0.9976,1,train
2011-12-22,1,1,1,train
2011-12-23,1,0.7159,1,train
2011-12-27,0,0,0,train
2011-12-28,0,0.0005,0,train
2011-12-29,1,1,1,train
2011-12-30,0,0.0005,0,train
2012-01-03,1,0.9565,1,train
2012-01-04,1,1,1,train
2012-01-05,0,0.0014,0,train
2012-01-06,0,0,0,train
2012-01-09,1,1,1,train
2012-01-10,1,0.9998,1,train
2012-01-11,0,0,0,train
2012-01-12,1,0.998,1,train
2012-01-13,0,0.0002,0,train
2012-01-17,1,0.8432,1,train
2012-01-18,1,0.9999,1,train
2012-01-19,1,0.9999,1,train
2012-01-20,1,1,1,train
2012-01-23,0,0,0,train
2012-01-24,0,0.0057,0,train
2012-01-25,1,0.9998,1,train
2012-01-26,0,0,0,train
2012-01-27,0,0.0002,0,train
2012-01-30,0,0.0006,0,train
2012-01-31,0,0.1448,0,train
2012-02-01,1,0.9529,1,train
2012-02-02,0,0,0,train
2012-02-03,1,0.9964,1,train
2012-02-06,0,0.0002,0,train
2012-02-07,1,1,1,train
2012-02-08,1,0.9999,1,train
2012-02-09,1,0.9994,1,train
2012-02-10,0,0.0027,0,train
2012-02-13,1,0.9973,1,train
2012-02-14,1,0.942,1,train
2012-02-15,0,0,0,train
2012-02-16,1,0.9999,1,train
2012-02-17,1,1,1,train
2012-02-21,1,1,1,train
2012-02-22,0,0.0029,0,train
2012-02-23,1,0.9367,1,train
2012-02-24,0,0.0004,0,train
2012-02-27,0,0,0,train
2012-02-28,1,0.9913,1,train
2012-02-29,0,0,0,train
2012-03-01,1,0.1874,0,train
2012-03-02,0,0,0,train
2012-03-05,0,0,0,train
2012-03-06,0,0.2641,0,train
2012-03-07,1,0.5109,1,train
2012-03-08,1,0.987,1,train
2012-03-09,1,1,1,train
2012-03-12,1,1,1,train
2012-03-13,1,0.1855,0,train
2012-03-14,1,1,1,train
2012-03-15,1,1,1,train
2012-03-16,0,0,0,train
2012-03-19,1,0.9839,1,train
2012-03-20,0,0.0074,0,train
2012-03-21,0,0.9687,1,train
2012-03-22,0,0.0001,0,train
2012-03-23,1,0.8053,1,train
2012-03-26,1,1,1,train
2012-03-27,0,0.0104,0,train
2012-03-28,0,0,0,train
2012-03-29,1,0.9999,1,train
2012-03-30,1,0.9778,1,train
2012-04-02,1,1,1,train
2012-04-03,0,0,0,train
2012-04-04,0,0.0003,0,train
2012-04-05,0,0,0,train
2012-04-09,0,0.0047,0,train
2012-04-10,0,0.0411,0,train
2012-04-11,1,0.9937,1,train
2012-04-12,1,0.9999,1,train
2012-04-13,0,0,0,train
2012-04-16,1,1,1,train
2012-04-17,1,1,1,train
2012-04-18,0,0.0035,0,train
2012-04-19,0,0.0012,0,train
2012-04-20,1,0.9999,1,train
2012-04-23,0,0.0003,0,train
2012-04-24,1,0.8037,1,train
2012-04-25,1,0.9998,1,train
2012-04-26,1,0.0415,0,train
2012-04-27,1,0.9998,1,train
2012-04-30,0,0.0002,0,train
2012-05-01,1,1,1,train
2012-05-02,0,0,0,train
2012-05-03,0,0,0,train
2012-05-04,0,0,0,train
2012-05-07,0,0,0,train
2012-05-08,0,0.0033,0,train
2012-05-09,0,0,0,train
2012-05-10,1,1,1,train
2012-05-11,0,0,0,train
2012-05-14,0,0.0008,0,train
2012-05-15,0,0,0,train
2012-05-16,0,0,0,train
2012-05-17,0,0,0,train
2012-05-18,0,0.0082,0,train
2012-05-21,1,0.9994,1,train
2012-05-22,0,0.0068,0,train
2012-05-23,0,0,0,train
2012-05-24,1,0.9999,1,train
2012-05-25,0,0,0,train
2012-05-29,1,1,1,train
2012-05-30,0,0.0003,0,train
2012-05-31,0,0.0001,0,train
2012-06-01,0,0,0,train
2012-06-04,0,0,0,train
2012-06-05,1,1,1,train
2012-06-06,1,0.999,1,train
2012-06-07,1,0.9567,1,train
2012-06-08,1,0.2997,0,train
2012-06-11,0,0.0004,0,train
2012-06-12,1,0.9998,1,train
2012-06-13,0,0.0104,0,train
2012-06-14,1,0.9812,1,train
2012-06-15,1,0.8074,1,train
2012-06-18,0,0.0033,0,train
2012-06-19,1,0.9055,1,train
2012-06-20,0,0.997,1,train
2012-06-21,0,0.0141,0,train
2012-06-22,1,1,1,train
2012-06-25,0,0.0032,0,train
2012-06-26,1,0.9825,1,train
2012-06-27,1,1,1,train
2012-06-28,0,0.0517,0,train
2012-06-29,1,0.9997,1,train
2012-07-02,0,0.0011,0,train
2012-07-03,1,0.5016,1,train
2012-07-05,0,0,0,train
2012-07-06,0,0,0,train
2012-07-09,0,0,0,train
2012-07-10,0,0,0,train
2012-07-11,0,0,0,train
2012-07-12,0,0,0,train
2012-07-13,1,0.9953,1,train
2012-07-16,0,0.0107,0,train
2012-07-17,1,1,1,train
2012-07-18,1,0.9998,1,train
2012-07-19,1,0.9998,1,train
2012-07-20,0,0.0002,0,train
2012-07-23,0,0.0006,0,train
2012-07-24,0,0,0,train
2012-07-25,1,1,1,train
2012-07-26,1,1,1,train
2012-07-27,1,0.9989,1,train
2012-07-30,0,0.0008,0,train
2012-07-31,0,0,0,train
2012-08-01,0,0.0035,0,train
2012-08-02,0,0,0,train
2012-08-03,1,0.8019,1,train
2012-08-06,1,1,1,train
2012-08-07,1,0.9992,1,train
2012-08-08,1,1,1,train
2012-08-09,0,0.0026,0,train
2012-08-10,1,1,1,train
2012-08-13,0,0.0001,0,train
2012-08-14,1,0.9984,1,train
2012-08-15,0,0.0001,0,train
2012-08-16,1,1,1,train
2012-08-17,1,0.9999,1,train
2012-08-20,0,0,0,train
2012-08-21,0,0.004,0,train
2012-08-22,0,0,0,train
2012-08-23,0,0,0,train
2012-08-24,1,0.9998,1,train
2012-08-27,0,0,0,train
2012-08-28,0,0,0,train
2012-08-29,1,1,1,train
2012-08-30,0,0.0009,0,train
2012-08-31,1,0.9997,1,train
2012-09-04,0,0,0,train
2012-09-05,1,0.9932,1,train
2012-09-06,1,0.9978,1,train
2012-09-07,1,1,1,train
2012-09-10,0,0,0,train
2012-09-11,1,1,1,train
2012-09-12,1,0.9959,1,train
2012-09-13,1,1,1,train
2012-09-14,1,1,1,train
2012-09-17,0,0.0018,0,train
2012-09-18,1,0.9779,1,train
2012-09-19,1,0.8925,1,train
2012-09-20,1,1,1,train
2012-09-21,0,0.0006,0,train
2012-09-24,0,0.0005,0,train
2012-09-25,0,0,0,train
2012-09-26,0,0.0058,0,train
2012-09-27,1,0.9959,1,train
2012-09-28,0,0,0,train
2012-10-01,1,0.4306,0,train
2012-10-02,0,0,0,train
2012-10-03,1,0.6142,1,train
2012-10-04,1,0.9741,1,train
2012-10-05,1,1,1,train
2012-10-08,0,0.0522,0,train
2012-10-09,0,0.0006,0,train
2012-10-10,0,0,0,train
2012-10-11,0,0.0005,0,train
2012-10-12,1,0.9984,1,train
2012-10-15,1,1,1,train
2012-10-16,1,0.9913,1,train
2012-10-17,1,0.9995,1,train
2012-10-18,0,0.0006,0,train
2012-10-19,0,0.0006,0,train
2012-10-22,1,0.9999,1,train
2012-10-23,0,0.0068,0,train
2012-10-24,0,0.0004,0,train
2012-10-25,1,0.998,1,train
2012-10-26,1,1,1,train
2012-10-31,0,0,0,train
2012-11-01,1,1,1,train
2012-11-02,0,0.0003,0,train
2012-11-05,1,1,1,train
2012-11-06,1,1,1,train
2012-11-07,0,0.0138,0,train
2012-11-08,0,0.0002,0,train
2012-11-09,1,1,1,train
2012-11-12,0,0,0,train
2012-11-13,0,0,0,train
2012-11-14,0,0.8923,1,train
2012-11-15,0,0.0198,0,train
2012-11-16,1,1,1,train
2012-11-19,1,1,1,train
2012-11-20,0,0.1474,0,train
2012-11-21,1,1,1,train
2012-11-23,1,0.9999,1,train
2012-11-26,0,0.0003,0,train
2012-11-27,0,0.1238,0,train
2012-11-28,1,1,1,train
2012-11-29,1,0.9723,1,train
2012-11-30,1,1,1,train
2012-12-03,0,0.8542,1,train
2012-12-04,0,0.1585,0,train
2012-12-05,1,0.7463,1,train
2012-12-06,1,1,1,train
2012-12-07,1,0.9814,1,train
2012-12-10,1,0.9726,1,train
2012-12-11,1,0.9999,1,train
2012-12-12,0,0.4414,0,train
2012-12-13,0,0.0012,0,train
2012-12-14,0,0.0097,0,train
2012-12-17,1,0.9438,1,train
2012-12-18,1,0.9999,1,train
2012-12-19,0,0,0,train
2012-12-20,1,0.9988,1,train
2012-12-21,0,0.7488,1,train
2012-12-24,0,0.0051,0,train
2012-12-26,0,0,0,train
2012-12-27,0,0.001,0,train
2012-12-28,0,0,0,train
2012-12-31,1,1,1,train
2013-01-02,1,0.9641,1,train
2013-01-03,0,0.0014,0,train
2013-01-04,1,0.6174,1,train
2013-01-07,0,0.0003,0,train
2013-01-08,0,0.0358,0,train
2013-01-09,1,0.344,0,train
2013-01-10,1,1,1,train
2013-01-11,1,1,1,train
2013-01-14,1,0.9958,1,train
2013-01-15,1,0.999,1,train
2013-01-16,0,0.0582,0,train
2013-01-17,1,0.9112,1,train
2013-01-18,1,0.8992,1,train
2013-01-22,1,0.9999,1,train
2013-01-23,1,0.7654,1,train
2013-01-24,1,0.9999,1,train
2013-01-25,1,1,1,train
2013-01-28,0,0,0,train
2013-01-29,1,0.9999,1,train
2013-01-30,0,0,0,train
2013-01-31,0,0,0,train
2013-02-01,1,1,1,train
2013-02-04,0,0.006,0,train
2013-02-05,1,1,1,train
2013-02-06,1,1,1,train
2013-02-07,0,0.0032,0,train
2013-02-08,1,0.9988,1,train
2013-02-11,0,0,0,train
2013-02-12,1,1,1,train
2013-02-13,0,0.0003,0,train
2013-02-14,0,0.0067,0,train
2013-02-15,1,0.9999,1,train
2013-02-19,1,1,1,train
2013-02-20,0,0,0,train
2013-02-21,0,0.0004,0,train
2013-02-22,1,1,1,train
2013-02-25,0,0.0172,0,train
2013-02-26,1,0.9829,1,train
2013-02-27,1,1,1,train
2013-02-28,0,0,0,train
2013-03-01,1,0.9998,1,train
2013-03-04,1,1,1,train
2013-03-05,1,0.9997,1,train
2013-03-06,1,0.9983,1,train
2013-03-07,1,0.9984,1,train
2013-03-08,1,0.9999,1,train
2013-03-11,1,0.9998,1,train
2013-03-12,1,1,1,train
2013-03-13,1,0.9972,1,train
2013-03-14,1,0.9649,1,train
2013-03-15,0,0.0005,0,train
2013-03-18,0,0.0007,0,train
2013-03-19,1,0.9857,1,train
2013-03-20,1,0.9994,1,train
2013-03-21,0,0.0533,0,train
2013-03-22,1,1,1,train
2013-03-25,0,0.0001,0,train
2013-03-26,1,1,1,train
2013-03-27,0,0.0006,0,train
2013-03-28,1,0.9957,1,train
2013-04-01,0,0,0,train
2013-04-02,1,0.9406,1,train
2013-04-03,0,0,0,train
2013-04-04,1,0.9919,1,train
2013-04-05,0,0.9292,1,train
2013-04-08,1,0.9977,1,train
2013-04-09,1,0.9999,1,train
2013-04-10,1,0.9374,1,train
2013-04-11,1,0.9999,1,train
2013-04-12,0,0.0036,0,train
2013-04-15,0,0.0001,0,train
2013-04-16,1,1,1,train
2013-04-17,0,0.0004,0,train
2013-04-18,0,0,0,train
2013-04-19,1,0.9997,1,train
2013-04-22,1,0.7908,1,train
2013-04-23,1,0.9939,1,train
2013-04-24,0,0,0,train
2013-04-25,1,0.9909,1,train
2013-04-26,1,1,1,train
2013-04-29,1,0.9639,1,train
2013-04-30,1,0.9972,1,train
2013-05-01,0,0.0141,0,train
2013-05-02,1,1,1,train
2013-05-03,1,0.9999,1,train
2013-05-06,0,0,0,train
2013-05-07,1,1,1,train
2013-05-08,1,0.0053,0,train
2013-05-09,0,0,0,train
2013-05-10,1,0.9986,1,train
2013-05-13,0,0.005,0,train
2013-05-14,1,0.8288,1,train
2013-05-15,1,1,1,train
2013-05-16,0,0,0,train
2013-05-17,1,0.9646,1,train
2013-05-20,0,0.0004,0,train
2013-05-21,1,1,1,train
2013-05-22,0,0,0,train
2013-05-23,0,0,0,train
2013-05-24,1,0.9998,1,train
2013-05-28,1,1,1,train
2013-05-29,0,0,0,train
2013-05-30,1,1,1,train
2013-05-31,0,0,0,train
2013-06-03,1,0.9998,1,train
2013-06-04,0,0,0,train
2013-06-05,0,0,0,train
2013-06-06,1,0.9999,1,train
2013-06-07,1,0.9668,1,train
2013-06-10,0,0,0,train
2013-06-11,0,0.0002,0,train
2013-06-12,0,0,0,train
2013-06-13,1,1,1,train
2013-06-14,0,0,0,train
2013-06-17,1,1,1,train
2013-06-18,1,0.9998,1,train
2013-06-19,0,0,0,train
2013-06-20,0,0.0058,0,train
2013-06-21,1,0.9956,1,train
2013-06-24,0,0.0002,0,train
2013-06-25,1,1,1,train
2013-06-26,1,1,1,train
2013-06-27,1,0.9999,1,train
2013-06-28,0,0,0,train
2013-07-01,1,0.9989,1,train
2013-07-02,0,0.0069,0,train
2013-07-03,1,1,1,train
2013-07-05,1,1,1,train
2013-07-08,1,0.9996,1,train
2013-07-09,1,0.9964,1,train
2013-07-10,0,0.0002,0,train
2013-07-11,1,0.9998,1,train
2013-07-12,1,0.5288,1,train
2013-07-15,1,1,1,train
2013-07-16,0,0,0,train
2013-07-17,1,1,1,train
2013-07-18,1,0.3296,0,train
2013-07-19,0,0,0,train
2013-07-22,1,0.9992,1,train
2013-07-23,1,1,1,train
2013-07-24,0,0.0005,0,train
2013-07-25,1,1,1,train
2013-07-26,1,0.9944,1,train
2013-07-29,0,0.0005,0,train
2013-07-30,0,0.0873,0,train
2013-07-31,0,0,0,train
2013-08-01,1,1,1,train
2013-08-02,1,1,1,train
2013-08-05,0,0.0015,0,train
2013-08-06,0,0.0011,0,train
2013-08-07,0,0.0005,0,train
2013-08-08,1,0.9998,1,train
2013-08-09,0,0.0352,0,train
2013-08-12,0,0.0001,0,train
2013-08-13,1,1,1,train
2013-08-14,0,0,0,train
2013-08-15,0,0.0075,0,train
2013-08-16,0,0.0024,0,train
2013-08-19,0,0.0042,0,train
2013-08-20,0,0,0,train
2013-08-21,0,0.0044,0,train
2013-08-22,1,1,1,train
2013-08-23,1,0.7838,1,train
2013-08-26,0,0,0,train
2013-08-27,0,0.0012,0,train
2013-08-28,1,0.999,1,train
2013-08-29,1,1,1,train
2013-08-30,0,0.0006,0,train
2013-09-03,1,1,1,train
2013-09-04,1,0.9963,1,train
2013-09-05,1,0.9999,1,train
2013-09-06,0,0,0,train
2013-09-09,1,0.9898,1,train
2013-09-10,1,0.9606,1,train
2013-09-11,1,1,1,train
2013-09-12,0,0.0005,0,train
2013-09-13,1,0.9891,1,train
2013-09-16,1,0.9997,1,train
2013-09-17,1,0.9824,1,train
2013-09-18,1,1,1,train
2013-09-19,0,0.0027,0,train
2013-09-20,0,0.0024,0,train
2013-09-23,0,0.0017,0,train
2013-09-24,0,0,0,train
2013-09-25,0,0.0002,0,train
2013-09-26,1,1,1,train
2013-09-27,0,0.0001,0,train
2013-09-30,0,0.0001,0,train
2013-10-01,1,0.7743,1,train
2013-10-02,0,0.0002,0,train
2013-10-03,0,0.3538,0,train
2013-10-04,1,0.9998,1,train
2013-10-07,0,0.0066,0,train
2013-10-08,0,0.0039,0,train
2013-10-09,1,1,1,train
2013-10-10,1,1,1,train
2013-10-11,1,1,1,train
2013-10-14,1,0.9951,1,train
2013-10-15,0,0.0001,0,train
2013-10-16,1,0.996,1,train
2013-10-17,0,0.2805,0,train
2013-10-18,1,1,1,train
2013-10-21,0,0.0012,0,train
2013-10-22,1,1,1,train
2013-10-23,0,0.0001,0,train
2013-10-24,1,1,1,train
2013-10-25,1,1,1,train
2013-10-28,0,0,0,train
2013-10-29,1,0.9934,1,train
2013-10-30,0,0.0001,0,train
2013-10-31,0,0,0,train
2013-11-01,1,0.9962,1,train
2013-11-04,1,0.9995,1,train
2013-11-05,0,0.0024,0,train
2013-11-06,1,0.9991,1,train
2013-11-07,0,0,0,train
2013-11-08,1,1,1,train
2013-11-11,1,0.9184,1,train
2013-11-12,0,0,0,train
2013-11-13,1,1,1,train
2013-11-14,1,0.9469,1,train
2013-11-15,1,1,1,train
2013-11-18,1,1,1,train
2013-11-19,0,0.0013,0,train
2013-11-20,0,0,0,train
2013-11-21,1,1,1,train
2013-11-22,1,1,1,train
2013-11-25,1,0.9574,1,train
2013-11-26,1,0.999,1,train
2013-11-27,1,0.9485,1,train
2013-11-29,0,0.0143,0,train
2013-12-02,0,0.0051,0,train
2013-12-03,0,0.0001,0,train
2013-12-04,0,0,0,train
2013-12-05,0,0,0,train
2013-12-06,1,0.9987,1,train
2013-12-09,1,0.9999,1,train
2013-12-10,0,0,0,train
2013-12-11,0,0.0014,0,train
2013-12-12,0,0.0233,0,train
2013-12-13,1,1,1,train
2013-12-16,1,1,1,train
2013-12-17,0,0.0142,0,train
2013-12-18,1,0.3818,0,train
2013-12-19,1,1,1,train
2013-12-20,1,1,1,train
2013-12-23,1,1,1,train
2013-12-24,1,1,1,train
2013-12-26,1,1,1,train
2013-12-27,0,0,0,train
2013-12-30,1,0.9996,1,train
2013-12-31,1,0.9972,1,train
2014-01-02,0,0,0,train
2014-01-03,1,1,1,train
2014-01-06,0,0.5581,1,train
2014-01-07,1,0.9935,1,train
2014-01-08,0,0.0472,0,train
2014-01-09,0,0,0,train
2014-01-10,0,0.0008,0,train
2014-01-13,0,0,0,train
2014-01-14,1,0.9968,1,train
2014-01-15,1,0.9563,1,train
2014-01-16,0,0.0004,0,train
2014-01-17,1,1,1,train
2014-01-21,0,0,0,train
2014-01-22,0,0.0077,0,train
2014-01-23,0,0,0,train
2014-01-24,0,0.0085,0,train
2014-01-27,0,0.0007,0,train
2014-01-28,1,0.9992,1,train
2014-01-29,0,0.0019,0,train
2014-01-30,1,1,1,train
2014-01-31,0,0.5377,1,train
2014-02-03,0,0.0002,0,train
2014-02-04,1,1,1,train
2014-02-05,0,0.0012,0,train
2014-02-06,1,0.9981,1,train
2014-02-07,1,1,1,train
2014-02-10,1,0.9825,1,train
2014-02-11,1,0.9995,1,train
2014-02-12,0,0.0001,0,train
2014-02-13,1,1,1,train
2014-02-14,1,0.9994,1,train
2014-02-18,0,0,0,train
2014-02-19,0,0,0,train
2014-02-20,1,0.984,1,train
2014-02-21,0,0,0,train
2014-02-24,1,1,1,train
2014-02-25,0,0,0,train
2014-02-26,1,0.9994,1,train
2014-02-27,1,0.9986,1,train
2014-02-28,1,0.9997,1,train
2014-03-03,0,0,0,train
2014-03-04,1,0.9998,1,train
2014-03-05,0,0.996,1,train
2014-03-06,1,0.8776,1,train
2014-03-07,1,0.8073,1,train
2014-03-10,0,0.0073,0,train
2014-03-11,0,0.001,0,train
2014-03-12,0,0.0754,0,train
2014-03-13,0,0.0248,0,train
2014-03-14,0,0.0003,0,train
2014-03-17,1,0.9933,1,train
2014-03-18,1,0.9925,1,train
2014-03-19,0,0.0008,0,train
2014-03-20,1,0.9966,1,train
2014-03-21,0,0,0,train
2014-03-24,0,0,0,train
2014-03-25,1,1,1,train
2014-03-26,0,0.0014,0,train
2014-03-27,0,0.0001,0,train
2014-03-28,1,0.9999,1,train
2014-03-31,1,0.9982,1,train
2014-04-01,1,0.9984,1,train
2014-04-02,1,1,1,train
2014-04-03,0,0,0,train
2014-04-04,0,0.0002,0,train
2014-04-07,0,0.0282,0,train
2014-04-08,1,0.9947,1,train
2014-04-09,1,1,1,train
2014-04-10,0,0,0,train
2014-04-11,0,0,0,train
2014-04-14,1,1,1,train
2014-04-15,1,0.9996,1,train
2014-04-16,1,0.9999,1,train
2014-04-17,0,0.0346,0,train
2014-04-21,1,1,1,train
2014-04-22,1,1,1,train
2014-04-23,0,0.0023,0,train
2014-04-24,0,0.0034,0,train
2014-04-25,0,0,0,train
2014-04-28,1,1,1,train
2014-04-29,1,0.9996,1,train
2014-04-30,1,0.9961,1,train
2014-05-01,0,0.0024,0,train
2014-05-02,0,0.0405,0,train
2014-05-05,1,0.9999,1,train
2014-05-06,0,0.0001,0,train
2014-05-07,1,1,1,train
2014-05-08,1,1,1,train
2014-05-09,1,1,1,train
2014-05-12,1,0.9951,1,train
2014-05-13,1,1,1,train
2014-05-14,0,0.3769,0,train
2014-05-15,0,0.0041,0,train
2014-05-16,1,0.9999,1,train
2014-05-19,1,1,1,train
2014-05-20,0,0.0048,0,train
2014-05-21,1,1,1,train
2014-05-22,1,1,1,train
2014-05-23,1,1,1,train
2014-05-27,1,1,1,train
2014-05-28,0,0.0003,0,train
2014-05-29,1,0.9998,1,train
2014-05-30,1,1,1,train
2014-06-02,1,1,1,train
2014-06-03,0,0.0001,0,train
2014-06-04,1,0.9938,1,train
2014-06-05,1,1,1,train
2014-06-06,1,1,1,train
2014-06-09,1,0.9999,1,train
2014-06-10,1,0.9999,1,train
2014-06-11,0,0.0001,0,train
2014-06-12,0,0,0,train
2014-06-13,1,1,1,train
2014-06-16,1,1,1,train
2014-06-17,1,0.9999,1,train
2014-06-18,1,1,1,train
2014-06-19,1,1,1,train
2014-06-20,1,0.996,1,train
2014-06-23,0,0.0278,0,train
2014-06-24,0,0.0012,0,train
2014-06-25,1,1,1,train
2014-06-26,0,0.0001,0,train
2014-06-27,1,0.9928,1,train
2014-06-30,0,0.0009,0,train
2014-07-01,1,0.0329,0,train
2014-07-02,1,0.9997,1,train
2014-07-03,1,0.081,0,train
2014-07-07,0,0,0,train
2014-07-08,0,0.0006,0,train
2014-07-09,1,0.9958,1,train
2014-07-10,0,0,0,train
2014-07-11,1,1,1,train
2014-07-14,1,1,1,train
2014-07-15,1,0.9998,1,train
2014-07-16,1,0.9995,1,train
2014-07-17,0,0.0974,0,train
2014-07-18,1,0.9348,1,train
2014-07-21,0,0.005,0,train
2014-07-22,1,0.9999,1,train
2014-07-23,0,0,0,train
2014-07-24,0,0,0,train
2014-07-25,0,0.0007,0,train
2014-07-28,1,1,1,train
2014-07-29,0,0.0004,0,train
2014-07-30,0,0,0,train
2014-07-31,0,0.0205,0,train
2014-08-01,0,0,0,train
2014-08-04,1,0.9189,1,train
2014-08-05,0,0.0647,0,train
2014-08-06,1,0.6677,1,train
2014-08-07,0,0.0006,0,train
2014-08-08,1,0.9983,1,train
2014-08-11,1,1,1,train
2014-08-12,0,0,0,train
2014-08-13,1,1,1,train
2014-08-14,1,1,1,train
2014-08-15,0,0,0,train
2014-08-18,1,1,1,train
2014-08-19,1,0.9953,1,train
2014-08-20,1,1,1,train
2014-08-21,1,1,1,train
2014-08-22,0,0.0003,0,train
2014-08-25,1,1,1,train
2014-08-26,1,1,1,train
2014-08-27,1,1,1,train
2014-08-28,0,0,0,train
2014-08-29,1,0.9582,1,train
2014-09-02,0,0.0002,0,train
2014-09-03,1,0.9976,1,train
2014-09-04,0,0.0003,0,train
2014-09-05,1,1,1,train
2014-09-08,0,0.001,0,train
2014-09-09,0,0,0,train
2014-09-10,1,0.9381,1,train
2014-09-11,0,0.0001,0,train
2014-09-12,0,0.004,0,train
2014-09-15,1,1,1,train
2014-09-16,1,1,1,train
2014-09-17,1,1,1,train
2014-09-18,1,0.9999,1,train
2014-09-19,1,1,1,train
2014-09-22,0,0,0,train
2014-09-23,0,0.0001,0,train
2014-09-24,1,0.1967,0,train
2014-09-25,0,0.0013,0,train
2014-09-26,1,0.9812,1,train
2014-09-29,0,0,0,train
2014-09-30,0,0,0,train
2014-10-01,0,0.0034,0,train
2014-10-02,0,0,0,train
2014-10-03,1,0.0144,0,train
2014-10-06,0,0.0008,0,train
2014-10-07,0,0.0427,0,train
2014-10-08,1,0.9999,1,train
2014-10-09,0,0,0,train
2014-10-10,0,0.0072,0,train
2014-10-13,0,0.0423,0,train
2014-10-14,0,0.8317,1,train
2014-10-15,0,0,0,train
2014-10-16,0,0.0054,0,train
2014-10-17,1,1,1,train
2014-10-20,1,0.9987,1,train
2014-10-21,1,0.9994,1,train
2014-10-22,0,0.0003,0,train
2014-10-23,1,0.9992,1,train
2014-10-24,1,0.9998,1,train
2014-10-27,1,1,1,train
2014-10-28,1,1,1,train
2014-10-29,0,0.0745,0,train
2014-10-30,1,1,1,train
2014-10-31,1,1,1,train
2014-11-03,0,0.1895,0,train
2014-11-04,1,0.9998,1,train
2014-11-05,1,0.9997,1,train
2014-11-06,1,0.5344,1,train
2014-11-07,1,0.9996,1,train
2014-11-10,1,0.9964,1,train
2014-11-11,1,1,1,train
2014-11-12,0,0,0,train
2014-11-13,1,1,1,train
2014-11-14,0,0.0198,0,train
2014-11-17,1,0.9982,1,train
2014-11-18,1,0.9999,1,train
2014-11-19,0,0.0005,0,train
2014-11-20,1,1,1,train
2014-11-21,1,1,1,train
2014-11-24,1,0.9933,1,train
2014-11-25,0,0.0037,0,train
2014-11-26,1,1,1,train
2014-11-28,1,0.9998,1,train
2014-12-01,0,0.0022,0,train
2014-12-02,1,1,1,train
2014-12-03,1,1,1,test
2014-12-04,0,0.9921,1,test
2014-12-05,1,0.98,1,test
2014-12-08,0,0.9996,1,test
2014-12-09,0,0.9483,1,test
2014-12-10,0,0.9992,1,test
2014-12-11,1,0.0421,0,test
2014-12-12,0,0.998,1,test
2014-12-15,0,0.942,1,test
2014-12-16,0,0.9975,1,test
2014-12-17,1,0.0567,0,test
2014-12-18,1,0.9975,1,test
2014-12-19,1,0.9546,1,test
2014-12-22,1,0.1815,0,test
2014-12-23,1,0.3939,0,test
2014-12-24,1,0.9998,1,test
2014-12-26,1,1,1,test
2014-12-29,0,0.7384,1,test
2014-12-30,0,0.9878,1,test
2014-12-31,0,0.9656,1,test
2015-01-02,1,0.708,1,test
2015-01-05,0,0.983,1,test
2015-01-06,0,0.3689,0,test
2015-01-07,1,0.5295,1,test
2015-01-08,1,0.066,0,test
2015-01-09,0,0.991,1,test
2015-01-12,0,1,1,test
2015-01-13,0,0.9929,1,test
2015-01-14,0,0.9873,1,test
2015-01-15,0,0.9245,1,test
2015-01-16,1,0.0104,0,test
2015-01-20,1,0.0017,0,test
2015-01-21,1,0.299,0,test
2015-01-22,1,0.9999,1,test
2015-01-23,0,0.8014,1,test
2015-01-26,1,0.8979,1,test
2015-01-27,0,0.9922,1,test
2015-01-28,0,0.6257,1,test
2015-01-29,1,0.9017,1,test
2015-01-30,0,1,1,test
2015-02-02,1,0.03,0,test
2015-02-03,1,0.5706,1,test
2015-02-04,1,0.6625,1,test
2015-02-05,1,0.9973,1,test
2015-02-06,0,0.9829,1,test
2015-02-09,0,0.0102,0,test
2015-02-10,1,0.129,0,test
2015-02-11,0,0.9212,1,test
2015-02-12,1,0.2678,0,test
2015-02-13,1,0.0434,0,test
2015-02-17,1,0.9994,1,test
2015-02-18,0,0.9846,1,test
2015-02-19,0,0.0694,0,test
2015-02-20,1,0.0041,0,test
2015-02-23,0,0.9888,1,test
2015-02-24,1,0.2562,0,test
2015-02-25,1,0.9858,1,test
2015-02-26,0,0.6632,1,test
2015-02-27,0,0.8391,1,test
2015-03-02,1,0.9957,1,test
2015-03-03,0,0.9779,1,test
2015-03-04,0,0.9378,1,test
2015-03-05,1,0.998,1,test
2015-03-06,0,0.0132,0,test
2015-03-09,1,0.9899,1,test
2015-03-10,0,0.388,0,test
2015-03-11,0,0.9866,1,test
2015-03-12,1,0.9348,1,test
2015-03-13,0,0.9339,1,test
2015-03-16,1,0.1054,0,test
2015-03-17,0,0.0498,0,test
2015-03-18,1,0.7708,1,test
2015-03-19,0,0.9952,1,test
2015-03-20,1,0.9993,1,test
2015-03-23,0,0.9922,1,test
2015-03-24,0,0.001,0,test
2015-03-25,0,0.461,0,test
2015-03-26,0,0.996,1,test
2015-03-27,1,0.9666,1,test
2015-03-30,1,0.0102,0,test
2015-03-31,0,0.9808,1,test
2015-04-01,0,0.0214,0,test
2015-04-02,1,0.9997,1,test
2015-04-06,1,0.5866,1,test
2015-04-07,0,0.9977,1,test
2015-04-08,1,0.0427,0,test
2015-04-09,1,0.0078,0,test
2015-04-10,1,0.8595,1,test
2015-04-13,0,0.9167,1,test
2015-04-14,1,0.6416,1,test
2015-04-15,1,0.0641,0,test
2015-04-16,0,0.8871,1,test
2015-04-17,0,0.8265,1,test
2015-04-20,1,0.0283,0,test
2015-04-21,0,0.9257,1,test
2015-04-22,1,0.972,1,test
2015-04-23,1,0.2952,0,test
2015-04-24,1,0.4137,0,test
2015-04-27,0,0.0013,0,test
2015-04-28,1,0.9988,1,test
2015-04-29,0,1,1,test
2015-04-30,0,0.877,1,test
2015-05-01,1,0.7234,1,test
2015-05-04,1,0.9841,1,test
2015-05-05,0,0.9141,1,test
2015-05-06,0,0.9288,1,test
2015-05-07,1,0.33,0,test
2015-05-08,1,0.9962,1,test
2015-05-11,0,0.6141,1,test
2015-05-12,0,0.0047,0,test
2015-05-13,0,0.6789,1,test
2015-05-14,1,0.9966,1,test
2015-05-15,1,0.855,1,test
2015-05-18,1,0.8958,1,test
2015-05-19,1,0.9999,1,test
2015-05-20,0,0.9916,1,test
2015-05-21,1,0.2608,0,test
2015-05-22,0,0.9995,1,test
2015-05-26,0,0.9723,1,test
2015-05-27,1,0.624,1,test
2015-05-28,0,0.4447,0,test
2015-05-29,0,0.0001,0,test
2015-06-01,1,0.0072,0,test
2015-06-02,0,0.007,0,test
2015-06-03,1,0.9986,1,test
2015-06-04,0,0.1469,0,test
2015-06-05,0,0.9096,1,test
2015-06-08,0,0.5223,1,test
2015-06-09,0,0.6206,1,test
2015-06-10,1,0.9102,1,test
2015-06-11,1,0.9991,1,test
2015-06-12,0,0.9969,1,test
2015-06-15,0,0.906,1,test
2015-06-16,1,0.2484,0,test
2015-06-17,1,0.0237,0,test
2015-06-18,1,0.0814,0,test
2015-06-19,0,0.9953,1,test
2015-06-22,1,0.9681,1,test
2015-06-23,1,0.9592,1,test
2015-06-24,0,0.9999,1,test
2015-06-25,0,0.5959,1,test
2015-06-26,1,0.2853,0,test
2015-06-29,0,0.9799,1,test
2015-06-30,1,0.3828,0,test
2015-07-01,1,0.0205,0,test
2015-07-02,0,0.9845,1,test
2015-07-06,0,0.2032,0,test
2015-07-07,1,0.0052,0,test
2015-07-08,0,0.3574,0,test
2015-07-09,1,0.0047,0,test
2015-07-10,1,0.7277,1,test
2015-07-13,1,0.9859,1,test
2015-07-14,1,0.0111,0,test
2015-07-15,0,0.9357,1,test
2015-07-16,1,0.6206,1,test
2015-07-17,0,1,1,test
2015-07-20,1,0.9072,1,test
2015-07-21,0,0.9995,1,test
2015-07-22,0,0.1735,0,test
2015-07-23,0,0.6634,1,test
2015-07-24,0,0.0978,0,test
2015-07-27,0,0.09,0,test
2015-07-28,1,0.7716,1,test
2015-07-29,1,0.8955,1,test
2015-07-30,0,0.9948,1,test
2015-07-31,0,0.9665,1,test
2015-08-03,0,1,1,test
2015-08-04,0,0.9723,1,test
2015-08-05,0,0.0358,0,test
2015-08-06,0,0.2774,0,test
2015-08-07,0,0.0457,0,test
2015-08-10,1,0.2021,0,test
2015-08-11,0,0.4091,0,test
2015-08-12,0,0.9927,1,test
2015-08-13,1,0.0178,0,test
2015-08-14,1,0.9997,1,test
2015-08-17,1,0.8711,1,test
2015-08-18,0,0.1056,0,test
2015-08-19,0,0.999,1,test
2015-08-20,0,0.9997,1,test
2015-08-21,0,0.9982,1,test
2015-08-24,0,0.0556,0,test
2015-08-25,0,0.7366,1,test
2015-08-26,1,0.0575,0,test
2015-08-27,1,0.9995,1,test
2015-08-28,0,0.1041,0,test
2015-08-31,0,0.0032,0,test
2015-09-01,0,0.8745,1,test
2015-09-02,1,0.9999,1,test
2015-09-03,1,0.8795,1,test
2015-09-04,0,0.5951,1,test
2015-09-08,1,1,1,test
2015-09-09,0,0.6657,1,test
2015-09-10,1,0.9862,1,test
2015-09-11,1,0.9351,1,test
2015-09-14,0,1,1,test
2015-09-15,1,0.8764,1,test
2015-09-16,1,0.9941,1,test
2015-09-17,0,0.0426,0,test
2015-09-18,0,0.9981,1,test
2015-09-21,1,0.9994,1,test
2015-09-22,0,0.998,1,test
2015-09-23,0,0.3966,0,test
2015-09-24,0,0.9983,1,test
2015-09-25,1,0.9997,1,test
2015-09-28,0,0.6761,1,test
2015-09-29,1,0.884,1,test
2015-09-30,1,0.9998,1,test
2015-10-01,0,0.9999,1,test
2015-10-02,1,0.1416,0,test
2015-10-05,1,0.9999,1,test
2015-10-06,1,0.983,1,test
2015-10-07,1,0.9505,1,test
2015-10-08,1,0.9075,1,test
2015-10-09,1,1,1,test
2015-10-12,1,0.9847,1,test
2015-10-13,0,1,1,test
2015-10-14,0,0.1617,0,test
2015-10-15,1,0.9995,1,test
2015-10-16,1,0.7141,1,test
2015-10-19,1,0.99,1,test
2015-10-20,0,0.9884,1,test
2015-10-21,0,0.3549,0,test
2015-10-22,1,0.9915,1,test
2015-10-23,1,0.999,1,test
2015-10-26,0,0.981,1,test
2015-10-27,0,0.9967,1,test
2015-10-28,1,0.0584,0,test
2015-10-29,0,0.9476,1,test
2015-10-30,0,0.9479,1,test
2015-11-02,1,0.9964,1,test
2015-11-03,1,0.9519,1,test
2015-11-04,0,0.9491,1,test
2015-11-05,0,0.9935,1,test
2015-11-06,1,0.9997,1,test
2015-11-09,0,0.0164,0,test
2015-11-10,1,0.3425,0,test
2015-11-11,0,0.9995,1,test
2015-11-12,0,0.2541,0,test
2015-11-13,0,0.0012,0,test
2015-11-16,1,0.9898,1,test
2015-11-17,1,0.043,0,test
2015-11-18,1,0.9998,1,test
2015-11-19,0,0.9978,1,test
2015-11-20,1,0.998,1,test
2015-11-23,0,0.8654,1,test
2015-11-24,1,0.3737,0,test
2015-11-25,1,0.2965,0,test
2015-11-27,0,0.7294,1,test
2015-11-30,0,0.91,1,test
2015-12-01,1,0.1705,0,test
2015-12-02,0,0.464,0,test
2015-12-03,0,0.9903,1,test
2015-12-04,1,0.985,1,test
2015-12-07,0,0.9997,1,test
2015-12-08,0,0.9974,1,test
2015-12-09,0,0.2877,0,test
2015-12-10,1,0.9982,1,test
2015-12-11,0,0.7425,1,test
2015-12-14,1,1,1,test
2015-12-15,1,0.0122,0,test
2015-12-16,1,0.3469,0,test
2015-12-17,0,0.9703,1,test
2015-12-18,0,0.9997,1,test
2015-12-21,1,0.9954,1,test
2015-12-22,1,0.8095,1,test
2015-12-23,1,0.9835,1,test
2015-12-24,0,0.9998,1,test
2015-12-28,0,0.2055,0,test
2015-12-29,1,0.1186,0,test
2015-12-30,0,0.0421,0,test
2015-12-31,0,0.1442,0,test
2016-01-04,0,0.4669,0,test
2016-01-05,1,0.0016,0,test
2016-01-06,0,0.9999,1,test
2016-01-07,0,0.0847,0,test
2016-01-08,0,0.5965,1,test
2016-01-11,1,0.8912,1,test
2016-01-12,1,0.8476,1,test
2016-01-13,0,0.9918,1,test
2016-01-14,1,0.1484,0,test
2016-01-15,0,0.294,0,test
2016-01-19,1,0.0003,0,test
2016-01-20,0,0.8692,1,test
2016-01-21,1,0.0962,0,test
2016-01-22,1,0.4684,0,test
2016-01-25,0,0.9248,1,test
2016-01-26,1,0.4895,0,test
2016-01-27,0,0.8294,1,test
2016-01-28,1,0.6558,1,test
2016-01-29,1,0.2658,0,test
2016-02-01,0,0.9977,1,test
2016-02-02,0,0.2216,0,test
2016-02-03,1,1,1,test
2016-02-04,1,0.9971,1,test
2016-02-05,0,0.1593,0,test
2016-02-08,0,0.9832,1,test
2016-02-09,0,0.5634,1,test
2016-02-10,0,0.8737,1,test
2016-02-11,0,0.9916,1,test
2016-02-12,1,0.2175,0,test
2016-02-16,1,0.507,1,test
2016-02-17,1,0.1053,0,test
2016-02-18,0,0.9826,1,test
2016-02-19,0,0.472,0,test
2016-02-22,1,0.9859,1,test
2016-02-23,0,0.9159,1,test
2016-02-24,1,0.0001,0,test
2016-02-25,1,0.9059,1,test
2016-02-26,0,0.0067,0,test
2016-02-29,0,0.9964,1,test
2016-03-01,1,0.4328,0,test
2016-03-02,1,0.9811,1,test
2016-03-03,1,0.6726,1,test
2016-03-04,1,0.874,1,test
2016-03-07,1,0.2426,0,test
2016-03-08,0,0.921,1,test
2016-03-09,1,0.9034,1,test
2016-03-10,0,1,1,test
2016-03-11,1,0.8655,1,test
2016-03-14,1,0.4016,0,test
2016-03-15,1,0.9899,1,test
2016-03-16,1,0.0232,0,test
2016-03-17,1,0.2246,0,test
2016-03-18,1,0.9976,1,test
2016-03-21,1,0.9948,1,test
2016-03-22,0,0.9948,1,test
2016-03-23,0,1,1,test
2016-03-24,1,0.9995,1,test
2016-03-28,1,0.099,0,test
2016-03-29,1,0.0288,0,test
2016-03-30,1,0.4515,0,test
2016-03-31,0,0.0632,0,test
2016-04-01,1,0.9977,1,test
2016-04-04,0,0.0314,0,test
2016-04-05,0,0.0402,0,test
2016-04-06,1,0.3489,0,test
2016-04-07,0,0.0152,0,test
2016-04-08,1,0.5609,1,test
2016-04-11,0,0.8744,1,test
2016-04-12,1,0.8608,1,test
2016-04-13,1,0.2114,0,test
2016-04-14,1,0.5295,1,test
2016-04-15,0,0.0054,0,test
2016-04-18,1,0.7569,1,test
2016-04-19,1,0.9996,1,test
2016-04-20,1,0.9997,1,test
2016-04-21,0,0.0401,0,test
2016-04-22,1,0.9488,1,test
2016-04-25,0,0.9447,1,test
2016-04-26,1,0.1778,0,test
2016-04-27,1,0.9028,1,test
2016-04-28,0,0.1936,0,test
2016-04-29,0,0.9763,1,test
2016-05-02,1,0.6946,1,test
2016-05-03,0,0.8993,1,test
2016-05-04,0,0.0036,0,test
2016-05-05,1,0.9614,1,test
2016-05-06,1,0.0112,0,test
2016-05-09,0,0.9754,1,test
2016-05-10,1,0.9988,1,test
2016-05-11,0,0.9998,1,test
2016-05-12,1,0.1824,0,test
2016-05-13,0,0.9995,1,test
2016-05-16,1,0.8897,1,test
2016-05-17,0,0.015,0,test
2016-05-18,0,0.0597,0,test
2016-05-19,0,1,1,test
2016-05-20,1,0.9984,1,test
2016-05-23,0,0.0039,0,test
2016-05-24,1,0.9999,1,test
2016-05-25,1,0.1837,0,test
2016-05-26,0,0.5707,1,test
2016-05-27,1,0,0,test
2016-05-31,0,0.689,1,test
2016-06-01,1,0.9879,1,test
2016-06-02,1,0.1704,0,test
2016-06-03,0,0.0196,0,test
2016-06-06,1,0.9288,1,test
2016-06-07,1,0.0394,0,test
2016-06-08,1,0.9449,1,test
2016-06-09,0,0.0198,0,test
2016-06-10,0,0.9992,1,test
2016-06-13,0,0.976,1,test
2016-06-14,0,1,1,test
2016-06-15,0,0.3,0,test
2016-06-16,1,0.0308,0,test
2016-06-17,0,0.9995,1,test
2016-06-20,1,0.2901,0,test
2016-06-21,1,0.0003,0,test
2016-06-22,0,0.889,1,test
2016-06-23,1,0.9997,1,test
2016-06-24,0,0.9962,1,test
2016-06-27,0,0.9591,1,test
2016-06-28,1,0.767,1,test
2016-06-29,1,0.7975,1,test
2016-06-30,1,0.7539,1,test
2016-07-01,1,0.9924,1,test
