Date,ProbabilityUp,PredictedLabel
2008-06-08,0.1865,0
2008-06-09,0.9977,1
2008-06-10,0.0075,0
2008-06-11,0.0006,0
2008-06-12,0.0116,0
2008-06-13,0.9759,1
2008-06-14,0.104,0
2008-06-15,0.0431,0
2008-06-16,0.0348,0
2008-06-17,0.9986,1
2008-06-18,0.0784,0
2008-06-19,0.6547,1
2008-06-20,0.5875,1
2008-06-21,0.9971,1
2008-06-22,0.0813,0
2008-06-23,0.6043,1
2008-06-24,0.9994,1
2008-06-25,0.8518,1
2008-06-26,0.9979,1
2008-06-27,0.8928,1
2008-06-28,0.0327,0
2008-06-29,0.4691,0
2008-06-30,0.0045,0
2008-07-01,0.0043,0
2008-07-02,0.0008,0
2008-07-03,0.5139,1
2008-07-04,0.1044,0
2008-07-05,0.0673,0
2008-07-06,0.0212,0
2008-07-07,0.0112,0
2008-07-08,0.9532,1
2008-07-09,0.7044,1
2008-07-10,0.9472,1
2008-07-11,0.9517,1
2008-07-12,0.7702,1
2008-07-13,0.9799,1
2008-07-14,0.1244,0
2008-07-15,0.011,0
2008-07-16,0.9825,1
2008-07-17,0.5625,1
2008-07-18,0.0072,0
2008-07-19,0.9986,1
2008-07-20,0.7991,1
2008-07-21,0.584,1
2008-07-22,0.0035,0
2008-07-23,0.4791,0
2008-07-24,0.0142,0
2008-07-25,0.9329,1
2008-07-26,0.8922,1
2008-07-27,0.8922,1
2008-07-28,0.9633,1
2008-07-29,0.1327,0
2008-07-30,0.0068,0
2008-07-31,0.8971,1
2008-08-01,0.0721,0
2008-08-02,0.7917,1
2008-08-03,0.9931,1
2008-08-04,0.0002,0
2008-08-05,0.3651,0
2008-08-06,0.1192,0
2008-08-07,0.805,1
2008-08-08,0,0
2008-08-09,0.4261,0
2008-08-10,0.8368,1
2008-08-11,0.5842,1
2008-08-12,0.0001,0
2008-08-13,0.0054,0
2008-08-14,0.9159,1
2008-08-15,0.8533,1
2008-08-16,0.8361,1
2008-08-17,0.9744,1
2008-08-18,0.8611,1
2008-08-19,0.0013,0
2008-08-20,0.9773,1
2008-08-21,0.786,1
2008-08-22,0.9327,1
2008-08-23,0.7019,1
2008-08-24,0.6819,1
2008-08-25,0.5269,1
2008-08-26,0.8957,1
2008-08-27,0.9974,1
2008-08-28,0.993,1
2008-08-29,0.0019,0
2008-08-30,0.4681,0
2008-08-31,0.4737,0
2008-09-01,0.1986,0
2008-09-02,0.1479,0
2008-09-03,0.1107,0
2008-09-04,0.0165,0
2008-09-05,0.9998,1
2008-09-06,0.4631,0
2008-09-07,0.6813,1
2008-09-08,0.9841,1
2008-09-09,0.0616,0
2008-09-10,0.5907,1
2008-09-11,0.9813,1
2008-09-12,0.0001,0
2008-09-13,0.2757,0
2008-09-14,0.9925,1
2008-09-15,0.0081,0
2008-09-16,0.9992,1
2008-09-17,0.0026,0
2008-09-18,0.9946,1
2008-09-19,0.7317,1
2008-09-20,0.0085,0
2008-09-21,0.0356,0
2008-09-22,0.4118,0
2008-09-23,0.0255,0
2008-09-24,0.0212,0
2008-09-25,0.667,1
2008-09-26,0.6757,1
2008-09-27,0.1732,0
2008-09-28,0.9618,1
2008-09-29,0.8055,1
2008-09-30,0.9384,1
2008-10-01,0.0013,0
2008-10-02,0,0
2008-10-03,0.0216,0
2008-10-04,0.6575,1
2008-10-05,0.3266,0
2008-10-06,0.0029,0
2008-10-07,0.0019,0
2008-10-08,0.0122,0
2008-10-09,0.1002,0
2008-10-10,0,0
2008-10-11,0.0224,0
2008-10-12,0.7529,1
2008-10-13,0.0505,0
2008-10-14,0.0237,0
2008-10-15,0.0024,0
2008-10-16,0.9956,1
2008-10-17,0.0842,0
2008-10-18,0.9452,1
2008-10-19,0.9974,1
2008-10-20,0.8706,1
2008-10-21,0.0032,0
2008-10-22,0.0146,0
2008-10-23,0.9994,1
2008-10-24,0.0085,0
2008-10-25,0.8613,1
2008-10-26,0.5292,1
2008-10-27,0.0218,0
2008-10-28,0.982,1
2008-10-29,0.0002,0
2008-10-30,0.9996,1
2008-10-31,0.989,1
2008-11-01,0.0447,0
2008-11-02,0.6371,1
2008-11-03,0,0
2008-11-04,0.9958,1
2008-11-05,0.0335,0
2008-11-06,0,0
2008-11-07,0.9881,1
2008-11-08,0.9121,1
2008-11-09,0.0003,0
2008-11-10,0.002,0
2008-11-11,0.3804,0
2008-11-12,0.9086,1
2008-11-13,0.9997,1
2008-11-14,0.0388,0
2008-11-15,0.6132,1
2008-11-16,0.0455,0
2008-11-17,0.0004,0
2008-11-18,0.8525,1
2008-11-19,0.0009,0
2008-11-20,0.0006,0
2008-11-21,0.9678,1
2008-11-22,0.6549,1
2008-11-23,0.9869,1
2008-11-24,0.4477,0
2008-11-25,0.9944,1
2008-11-26,0.9985,1
2008-11-27,0.9867,1
2008-11-28,1,1
2008-11-29,0.8473,1
2008-11-30,0.9983,1
2008-12-01,0.0094,0
2008-12-02,0.9065,1
2008-12-03,1,1
2008-12-04,0.9973,1
2008-12-05,0.3275,0
2008-12-06,0.2743,0
2008-12-07,0.6594,1
2008-12-08,0.9919,1
2008-12-09,0.5039,1
2008-12-10,0.9997,1
2008-12-11,0.0053,0
2008-12-12,0.9506,1
2008-12-13,0.8747,1
2008-12-14,0.0145,0
2008-12-15,0.0007,0
2008-12-16,0.8684,1
2008-12-17,0.581,1
2008-12-18,0.0003,0
2008-12-19,0.0002,0
2008-12-20,0.9592,1
2008-12-21,0.2799,0
2008-12-22,0.0036,0
2008-12-23,0.0092,0
2008-12-24,0.9963,1
2008-12-25,0.2938,0
2008-12-26,0.6924,1
2008-12-27,0.3742,0
2008-12-28,0.9912,1
2008-12-29,0.0548,0
2008-12-30,0.9999,1
2008-12-31,0.1464,0
2009-01-01,0.9717,1
2009-01-02,0.996,1
2009-01-03,0.7635,1
2009-01-04,0.3561,0
2009-01-05,0.0007,0
2009-01-06,0.3279,0
2009-01-07,0.0536,0
2009-01-08,0.0495,0
2009-01-09,0.0024,0
2009-01-10,0.1415,0
2009-01-11,0.2691,0
2009-01-12,0.2968,0
2009-01-13,0.0203,0
2009-01-14,0.0103,0
2009-01-15,0.9269,1
2009-01-16,0.188,0
2009-01-17,0.9853,1
2009-01-18,0.953,1
2009-01-19,0.0008,0
2009-01-20,0.0001,0
2009-01-21,0.9881,1
2009-01-22,0.011,0
2009-01-23,0.0051,0
2009-01-24,0.9909,1
2009-01-25,0.3041,0
2009-01-26,0.9736,1
2009-01-27,0.0993,0
2009-01-28,0.0347,0
2009-01-29,0,0
2009-01-30,0.0527,0
2009-01-31,0.1497,0
2009-02-01,0.9795,1
2009-02-02,0.0013,0
2009-02-03,0.9969,1
2009-02-04,0.0119,0
2009-02-05,1,1
2009-02-06,0.9917,1
2009-02-07,0.0065,0
2009-02-08,0.0798,0
2009-02-09,0.0008,0
2009-02-10,0.0949,0
2009-02-11,0.9982,1
2009-02-12,0.0005,0
2009-02-13,0.0423,0
2009-02-14,0.0474,0
2009-02-15,0.741,1
2009-02-16,0.945,1
2009-02-17,0.169,0
2009-02-18,0.8124,1
2009-02-19,0.0128,0
2009-02-20,0.0358,0
2009-02-21,0.8175,1
2009-02-22,0.3072,0
2009-02-23,0.0009,0
2009-02-24,0.7748,1
2009-02-25,0.0321,0
2009-02-26,0.6984,1
2009-02-27,0.0013,0
2009-02-28,0.0074,0
2009-03-01,0.0031,0
2009-03-02,0.7796,1
2009-03-03,0.0006,0
2009-03-04,0.9985,1
2009-03-05,0.0001,0
2009-03-06,0.9993,1
2009-03-07,0.9936,1
2009-03-08,0.3483,0
2009-03-09,0.1203,0
2009-03-10,0.9998,1
2009-03-11,0.016,0
2009-03-12,0.9584,1
2009-03-13,0.8957,1
2009-03-14,0.1681,0
2009-03-15,0.7989,1
2009-03-16,0.0002,0
2009-03-17,0.9638,1
2009-03-18,0.9998,1
2009-03-19,0.736,1
2009-03-20,0.0129,0
2009-03-21,0.9978,1
2009-03-22,0.0352,0
2009-03-23,0.9235,1
2009-03-24,0.0008,0
2009-03-25,0.6999,1
2009-03-26,0.954,1
2009-03-27,0.042,0
2009-03-28,0.0003,0
2009-03-30,0.0011,0
2009-03-31,0.9907,1
2009-04-01,0.9976,1
2009-04-02,0.9921,1
2009-04-03,0.8989,1
2009-04-04,0.8046,1
2009-04-05,0.2422,0
2009-04-06,0.0015,0
2009-04-07,0.0006,0
2009-04-08,0.9991,1
2009-04-09,1,1
2009-04-10,0.7763,1
2009-04-11,0.0337,0
2009-04-12,0.9523,1
2009-04-13,0.0914,0
2009-04-14,0.1055,0
2009-04-15,0.9124,1
2009-04-16,0.999,1
2009-04-17,0.9923,1
2009-04-18,0.2433,0
2009-04-19,0.3916,0
2009-04-20,0,0
2009-04-21,0.9883,1
2009-04-22,0,0
2009-04-23,0.9982,1
2009-04-24,0.0413,0
2009-04-25,0.9376,1
2009-04-26,0.001,0
2009-04-27,0.0058,0
2009-04-28,0,0
2009-04-29,0.9851,1
2009-04-30,0.1446,0
2009-05-01,0.9954,1
2009-05-02,0.0045,0
2009-05-03,0.9861,1
2009-05-04,0.8872,1
2009-05-05,0.0001,0
2009-05-06,0.9998,1
2009-05-07,0.004,0
2009-05-08,0.0552,0
2009-05-09,0.0473,0
2009-05-10,0.2438,0
2009-05-11,0.013,0
2009-05-12,0.975,1
2009-05-13,0.0117,0
2009-05-14,0.3127,0
2009-05-15,0.0003,0
2009-05-16,0.5548,1
2009-05-17,0.0011,0
2009-05-18,0.9732,1
2009-05-19,0.0017,0
2009-05-20,0.044,0
2009-05-21,0.0003,0
2009-05-22,0,0
2009-05-23,0.8688,1
2009-05-24,0.9622,1
2009-05-25,0.067,0
2009-05-26,0.9644,1
2009-05-27,0,0
2009-05-28,0.9999,1
2009-05-29,0.9997,1
2009-05-30,0.0373,0
2009-05-31,0.9984,1
2009-06-01,1,1
2009-06-02,0.9998,1
2009-06-03,0.4544,0
2009-06-04,1,1
2009-06-05,0.9999,1
2009-06-06,0.5976,1
2009-06-07,0.168,0
2009-06-08,0.993,1
2009-06-09,0.004,0
2009-06-10,0.0004,0
2009-06-11,0.9998,1
2009-06-12,0.9995,1
2009-06-13,0.2291,0
2009-06-14,0.0055,0
2009-06-15,0,0
2009-06-16,0.0031,0
2009-06-17,0,0
2009-06-18,0.9978,1
2009-06-19,0,0
2009-06-20,0.0057,0
2009-06-21,0.0483,0
2009-06-22,0,0
2009-06-23,0.002,0
2009-06-24,0.0001,0
2009-06-25,1,1
2009-06-26,0.2248,0
2009-06-27,0.987,1
2009-06-28,0.6763,1
2009-06-29,0.9901,1
2009-06-30,0.2293,0
2009-07-01,0.6402,1
2009-07-02,0,0
2009-07-03,0.5857,1
2009-07-04,0.8446,1
2009-07-05,0.0003,0
2009-07-06,0.9876,1
2009-07-07,0.0003,0
2009-07-08,0.9966,1
2009-07-09,0.9919,1
2009-07-10,0.0729,0
2009-07-11,0.2274,0
2009-07-12,0.9317,1
2009-07-13,0.9652,1
2009-07-14,0.998,1
2009-07-15,0.9985,1
2009-07-16,0.989,1
2009-07-17,1,1
2009-07-18,0.7316,1
2009-07-19,1,1
2009-07-20,0.9996,1
2009-07-21,0.9988,1
2009-07-22,0.0269,0
2009-07-23,0.5622,1
2009-07-24,1,1
2009-07-25,0.5349,1
2009-07-26,0.9976,1
2009-07-27,1,1
2009-07-28,0.0029,0
2009-07-29,0,0
2009-07-30,0.9521,1
2009-07-31,0.9999,1
2009-08-01,0.9801,1
2009-08-02,0.9818,1
2009-08-03,1,1
2009-08-04,0.9996,1
2009-08-05,0.0001,0
2009-08-06,0.9567,1
2009-08-07,0.9962,1
2009-08-08,0.1953,0
2009-08-09,0.2163,0
2009-08-10,0.0001,0
2009-08-11,0,0
2009-08-12,0.9187,1
2009-08-13,0.9999,1
2009-08-14,0.0004,0
2009-08-15,0.9759,1
2009-08-16,0.0348,0
2009-08-17,0.0482,0
2009-08-18,0.9994,1
2009-08-19,1,1
2009-08-20,0.9367,1
2009-08-21,1,1
2009-08-22,0.5069,1
2009-08-23,0.8723,1
2009-08-24,1,1
2009-08-25,0.9998,1
2009-08-26,0.9835,1
2009-08-27,0.0032,0
2009-08-28,0.0015,0
2009-08-29,0.4327,0
2009-08-30,0.1007,0
2009-08-31,0.0111,0
2009-09-01,0.0013,0
2009-09-02,0,0
2009-09-03,0.9998,1
2009-09-04,0.9997,1
2009-09-05,0.9986,1
2009-09-06,0.927,1
2009-09-07,0.0156,0
2009-09-08,1,1
2009-09-09,0.9884,1
2009-09-10,0.9841,1
2009-09-11,0,0
2009-09-12,0.8287,1
2009-09-13,0.6034,1
2009-09-14,0.8509,1
2009-09-15,0.9981,1
2009-09-16,0.8755,1
2009-09-17,0.0004,0
2009-09-18,0.9551,1
2009-09-19,0.9528,1
2009-09-20,0.1571,0
2009-09-21,0,0
2009-09-22,0.9778,1
2009-09-23,0.0505,0
2009-09-24,0,0
2009-09-25,0.001,0
2009-09-26,0.1236,0
2009-09-27,0.4509,0
2009-09-28,0.9958,1
2009-09-29,0.0042,0
2009-09-30,0.0058,0
2009-10-01,0.0004,0
2009-10-02,0.0047,0
2009-10-03,0.6322,1
2009-10-04,0.9205,1
2009-10-05,1,1
2009-10-06,1,1
2009-10-07,0.0315,0
2009-10-08,0.9921,1
2009-10-09,0.983,1
2009-10-10,0.987,1
2009-10-11,0.9864,1
2009-10-12,1,1
2009-10-13,0.0007,0
2009-10-14,0.9854,1
2009-10-15,0.9998,1
2009-10-16,0.8923,1
2009-10-17,0.856,1
2009-10-18,0.5679,1
2009-10-19,1,1
2009-10-20,0.015,0
2009-10-21,0.0001,0
2009-10-22,0.9786,1
2009-10-23,0.0359,0
2009-10-24,0.0779,0
2009-10-25,0.0007,0
2009-10-26,0.0049,0
2009-10-27,0.9991,1
2009-10-28,0,0
2009-10-29,0.9967,1
2009-10-30,0.0006,0
2009-10-31,0.8829,1
2009-11-01,0.5431,1
2009-11-02,1,1
2009-11-03,0.0063,0
2009-11-04,0.9997,1
2009-11-05,1,1
2009-11-06,0.9946,1
2009-11-07,0.0012,0
2009-11-08,0.0244,0
2009-11-09,0.9993,1
2009-11-10,0.9999,1
2009-11-11,1,1
2009-11-12,0.0004,0
2009-11-13,0.9988,1
2009-11-14,0.4329,0
2009-11-15,0.851,1
2009-11-16,0.9922,1
2009-11-17,0.9986,1
2009-11-18,0.2269,0
2009-11-19,0.009,0
2009-11-20,0.0006,0
2009-11-21,0.2157,0
2009-11-22,0.9621,1
2009-11-23,0.9933,1
2009-11-24,0,0
2009-11-25,1,1
2009-11-26,0.9683,1
2009-11-27,0.6711,1
2009-11-28,0.9438,1
2009-11-29,0.9952,1
2009-11-30,0.9963,1
2009-12-01,0.9989,1
2009-12-02,0.0014,0
2009-12-03,0.0336,0
2009-12-04,0.9888,1
2009-12-05,0.5561,1
2009-12-06,0.9634,1
2009-12-07,0.999,1
2009-12-08,0.037,0
2009-12-09,1,1
2009-12-10,0.5194,1
2009-12-11,0.7712,1
2009-12-12,0.0205,0
2009-12-13,0.0649,0
2009-12-14,1,1
2009-12-15,0.0011,0
2009-12-16,0.0003,0
2009-12-17,0.0001,0
2009-12-18,1,1
2009-12-19,0.9999,1
2009-12-20,0.1164,0
2009-12-21,0.8268,1
2009-12-22,1,1
2009-12-23,0.9999,1
2009-12-24,0.6176,1
2009-12-25,0.1718,0
2009-12-26,0.6141,1
2009-12-27,0.9993,1
2009-12-28,0.9995,1
2009-12-29,0.0011,0
2009-12-30,0.9943,1
2009-12-31,0.0001,0
2010-01-01,0.8937,1
2010-01-02,0.9639,1
2010-01-03,0.9982,1
2010-01-04,0.9893,1
2010-01-05,0.0822,0
2010-01-06,1,1
2010-01-07,1,1
2010-01-08,0.9995,1
2010-01-09,0.9943,1
2010-01-10,0.9975,1
2010-01-11,0.9999,1
2010-01-12,0,0
2010-01-13,0.9996,1
2010-01-14,0.9811,1
2010-01-15,0,0
2010-01-16,0.0105,0
2010-01-17,0.001,0
2010-01-18,0.0751,0
2010-01-19,0.5902,1
2010-01-20,0.0072,0
2010-01-21,0.0012,0
2010-01-22,0.0005,0
2010-01-23,0.0271,0
2010-01-24,0.2745,0
2010-01-25,0.9998,1
2010-01-26,0.0003,0
2010-01-27,0.9437,1
2010-01-28,0,0
2010-01-29,0.0001,0
2010-01-30,0.1446,0
2010-01-31,0.841,1
2010-02-01,0.9999,1
2010-02-02,1,1
2010-02-03,0.0054,0
2010-02-04,0.0073,0
2010-02-05,0.9998,1
2010-02-06,0.3241,0
2010-02-07,0.7768,1
2010-02-08,0,0
2010-02-09,0.0854,0
2010-02-10,0.0015,0
2010-02-11,1,1
2010-02-12,0.0001,0
2010-02-13,0.9822,1
2010-02-14,0.8151,1
2010-02-15,0.9991,1
2010-02-16,1,1
2010-02-17,0.9815,1
2010-02-18,0.9555,1
2010-02-19,0.9642,1
2010-02-20,0.9517,1
2010-02-21,0.9536,1
2010-02-22,0.0033,0
2010-02-23,0.0143,0
2010-02-24,0.9999,1
2010-02-25,0.0108,0
2010-02-26,1,1
2010-02-27,0.8372,1
2010-02-28,0.0035,0
2010-03-01,0.998,1
2010-03-02,1,1
2010-03-03,0.0001,0
2010-03-04,1,1
2010-03-05,0.5779,1
2010-03-06,0.9946,1
2010-03-07,0.9927,1
2010-03-08,0.0091,0
2010-03-09,1,1
2010-03-10,0.9988,1
2010-03-11,1,1
2010-03-12,0.9878,1
2010-03-13,0.9992,1
2010-03-14,0.5616,1
2010-03-15,0.9997,1
2010-03-16,0.9982,1
2010-03-17,1,1
2010-03-18,1,1
2010-03-19,0.0005,0
2010-03-20,0.5076,1
2010-03-21,0.0073,0
2010-03-22,0.9999,1
2010-03-23,0.932,1
2010-03-24,0.0081,0
2010-03-25,0.9982,1
2010-03-26,0.9993,1
2010-03-27,0.7657,1
2010-03-29,0.9958,1
2010-03-30,0.7263,1
2010-03-31,0.0266,0
2010-04-01,0.6138,1
2010-04-02,0.7876,1
2010-04-03,0.2462,0
2010-04-04,0.0868,0
2010-04-05,0.9998,1
2010-04-06,0.3513,0
2010-04-07,0.0231,0
2010-04-08,0.9998,1
2010-04-09,0.9999,1
2010-04-10,0.5339,1
2010-04-11,0.9611,1
2010-04-12,0.9993,1
2010-04-13,0.975,1
2010-04-14,1,1
2010-04-15,0.9978,1
2010-04-16,0.0022,0
2010-04-17,0.9918,1
2010-04-18,0.9459,1
2010-04-19,0.9997,1
2010-04-20,0.9998,1
2010-04-21,0.9992,1
2010-04-22,0.9998,1
2010-04-23,0.9862,1
2010-04-24,0.0081,0
2010-04-25,0.0502,0
2010-04-26,0.9995,1
2010-04-27,0.0015,0
2010-04-28,0.9988,1
2010-04-29,0.9867,1
2010-04-30,0,0
2010-05-01,0.7274,1
2010-05-02,0.7853,1
2010-05-03,0.882,1
2010-05-04,0.0002,0
2010-05-05,0.7367,1
2010-05-06,0,0
2010-05-07,0.6626,1
2010-05-08,0.995,1
2010-05-09,0.9907,1
2010-05-10,1,1
2010-05-11,0.0019,0
2010-05-12,0.9978,1
2010-05-13,0,0
2010-05-14,0.0005,0
2010-05-15,0.9838,1
2010-05-16,0.0274,0
2010-05-17,0.9925,1
2010-05-18,0,0
2010-05-19,0.2776,0
2010-05-20,0.0026,0
2010-05-21,0.9997,1
2010-05-22,0.961,1
2010-05-23,0.6959,1
2010-05-24,0.0047,0
2010-05-25,0.0058,0
2010-05-26,0,0
2010-05-27,0.9998,1
2010-05-28,0.0198,0
2010-05-29,0.9437,1
2010-05-30,0.9078,1
2010-05-31,0.9797,1
2010-06-01,0.8532,1
2010-06-02,0.1709,0
2010-06-03,0.9523,1
2010-06-04,0.0006,0
2010-06-05,0.935,1
2010-06-06,0.6574,1
2010-06-07,0.0036,0
2010-06-08,0.9487,1
2010-06-09,0.0503,0
2010-06-10,0.9826,1
2010-06-11,0.998,1
2010-06-12,0.0005,0
2010-06-13,0.3284,0
2010-06-14,0.0114,0
2010-06-15,0.9994,1
2010-06-16,1,1
2010-06-17,0.9585,1
2010-06-18,0.9999,1
2010-06-19,0.9905,1
2010-06-20,0.7757,1
2010-06-21,0,0
2010-06-22,0.0001,0
2010-06-23,0.9989,1
2010-06-24,0.0099,0
2010-06-25,0,0
2010-06-26,0.0616,0
2010-06-27,0.0293,0
2010-06-28,0,0
2010-06-29,0.0191,0
2010-06-30,0.0001,0
2010-07-01,0.0001,0
2010-07-02,0.222,0
2010-07-03,0.0004,0
2010-07-04,0.3041,0
2010-07-05,0.1957,0
2010-07-06,1,1
2010-07-07,0.993,1
2010-07-08,0.9811,1
2010-07-09,0.2075,0
2010-07-10,0.9635,1
2010-07-11,0.913,1
2010-07-12,1,1
2010-07-13,0.9999,1
2010-07-14,1,1
2010-07-15,0.9199,1
2010-07-16,0,0
2010-07-17,0.9405,1
2010-07-18,0.5991,1
2010-07-19,1,1
2010-07-20,0.9955,1
2010-07-21,0.4338,0
2010-07-22,0.9993,1
2010-07-23,0.9987,1
2010-07-24,0.9988,1
2010-07-25,0.0032,0
2010-07-26,0.9955,1
2010-07-27,0.9996,1
2010-07-28,0.0048,0
2010-07-29,0.0001,0
2010-07-30,0.0002,0
2010-07-31,0.8899,1
2010-08-01,0.6805,1
2010-08-02,0.9999,1
2010-08-03,0.0001,0
2010-08-04,0.9959,1
2010-08-05,0,0
2010-08-06,0.0169,0
2010-08-07,0.0614,0
2010-08-08,0.9947,1
2010-08-09,0.9975,1
2010-08-10,0.045,0
2010-08-11,0.0039,0
2010-08-12,0.9763,1
2010-08-13,0.0004,0
2010-08-14,0.2484,0
2010-08-15,0.0695,0
2010-08-16,0.009,0
2010-08-17,0.8296,1
2010-08-18,0.9661,1
2010-08-19,0,0
2010-08-20,0,0
2010-08-21,0.6081,1
2010-08-22,0.8903,1
2010-08-23,0.1245,0
2010-08-24,0,0
2010-08-25,1,1
2010-08-26,0.0257,0
2010-08-27,0.9989,1
2010-08-28,0.781,1
2010-08-29,0.9207,1
2010-08-30,0.0181,0
2010-08-31,1,1
2010-09-01,1,1
2010-09-02,0.9798,1
2010-09-03,0.2066,0
2010-09-04,0.9145,1
2010-09-05,0.9957,1
2010-09-06,0.9999,1
2010-09-07,0.0305,0
2010-09-08,0.9999,1
2010-09-09,0.9985,1
2010-09-10,1,1
2010-09-11,0.9505,1
2010-09-12,0.9999,1
2010-09-13,0.9998,1
2010-09-14,0.0018,0
2010-09-15,0.9996,1
2010-09-16,1,1
2010-09-17,0.9907,1
2010-09-18,0.7238,1
2010-09-19,0.979,1
2010-09-20,0.9959,1
2010-09-21,0.356,0
2010-09-22,0.3234,0
2010-09-23,0,0
2010-09-24,0.9794,1
2010-09-25,0.9297,1
2010-09-26,0.8948,1
2010-09-27,0.0059,0
2010-09-28,0.9998,1
2010-09-29,0.1341,0
2010-09-30,0.0789,0
2010-10-01,1,1
2010-10-02,0.4319,0
2010-10-03,0.1215,0
2010-10-04,0.0003,0
2010-10-05,0.9981,1
2010-10-06,1,1
2010-10-07,0.1098,0
2010-10-08,1,1
2010-10-09,1,1
2010-10-10,0.7615,1
2010-10-11,1,1
2010-10-12,0.9869,1
2010-10-13,0.9927,1
2010-10-14,0.0027,0
2010-10-15,0.9008,1
2010-10-16,0.9995,1
2010-10-17,0.9037,1
2010-10-18,0.586,1
2010-10-19,0.0002,0
2010-10-20,1,1
2010-10-21,0.9999,1
2010-10-22,0.022,0
2010-10-23,0.826,1
2010-10-24,0.5849,1
2010-10-25,0.9996,1
2010-10-26,0.995,1
2010-10-27,0.2052,0
2010-10-28,0.0041,0
2010-10-29,0.9997,1
2010-10-30,0.0272,0
2010-10-31,0.9999,1
2010-11-01,0.9993,1
2010-11-02,0.9993,1
2010-11-03,1,1
2010-11-04,0.9999,1
2010-11-05,1,1
2010-11-06,0.9969,1
2010-11-07,0.8537,1
2010-11-08,0.2395,0
2010-11-09,0.0006,0
2010-11-10,1,1
2010-11-11,0.0017,0
2010-11-12,0,0
2010-11-13,0.7409,1
2010-11-14,0.003,0
2010-11-15,0.973,1
2010-11-16,0.7295,1
2010-11-17,0.0001,0
2010-11-18,0.9969,1
2010-11-19,1,1
2010-11-20,0.978,1
2010-11-21,0.0035,0
2010-11-22,0,0
2010-11-23,0.0002,0
2010-11-24,1,1
2010-11-25,0.2589,0
2010-11-26,0.1492,0
2010-11-27,0.994,1
2010-11-28,0.9839,1
2010-11-29,0.0007,0
2010-11-30,0,0
2010-12-01,0.9996,1
2010-12-02,1,1
2010-12-03,0.9999,1
2010-12-04,0.9457,1
2010-12-05,0.7516,1
2010-12-06,0.0048,0
2010-12-07,0.5595,1
2010-12-08,1,1
2010-12-09,0.6473,1
2010-12-10,1,1
2010-12-11,0.9978,1
2010-12-12,0.4626,0
2010-12-13,1,1
2010-12-14,0.9984,1
2010-12-15,0.0659,0
2010-12-16,1,1
2010-12-17,0.0001,0
2010-12-18,0.9991,1
2010-12-19,0.9996,1
2010-12-20,0.0003,0
2010-12-21,0.9995,1
2010-12-22,0.8528,1
2010-12-23,0.9996,1
2010-12-24,0.2602,0
2010-12-25,0.9999,1
2010-12-26,0.9932,1
2010-12-27,0.0207,0
2010-12-28,0.9999,1
2010-12-29,1,1
2010-12-30,0.329,0
2010-12-31,1,1
2011-01-01,1,1
2011-01-02,0.9731,1
2011-01-03,0.9966,1
2011-01-04,0.0748,0
2011-01-05,0.9993,1
2011-01-06,0.0073,0
2011-01-07,0.0059,0
2011-01-08,0.5533,1
2011-01-09,0.0678,0
2011-01-10,0.0153,0
2011-01-11,0.7878,1
2011-01-12,0.9986,1
2011-01-13,0.7662,1
2011-01-14,0.9999,1
2011-01-15,0.679,1
2011-01-16,0.9265,1
2011-01-17,0.577,1
2011-01-18,0.9994,1
2011-01-19,0.1021,0
2011-01-20,0.0005,0
2011-01-21,0.8798,1
2011-01-22,0.9715,1
2011-01-23,0.0077,0
2011-01-24,1,1
2011-01-25,0.9845,1
2011-01-26,0.9993,1
2011-01-27,1,1
2011-01-28,0.944,1
2011-01-29,0.9996,1
2011-01-30,0.9968,1
2011-01-31,1,1
2011-02-01,1,1
2011-02-02,1,1
2011-02-03,1,1
2011-02-04,1,1
2011-02-05,0.9948,1
2011-02-06,1,1
2011-02-07,1,1
2011-02-08,1,1
2011-02-09,0.9991,1
2011-02-10,0.8423,1
2011-02-11,1,1
2011-02-12,1,1
2011-02-13,0.4549,0
2011-02-14,0.1682,0
2011-02-15,0.1297,0
2011-02-16,1,1
2011-02-17,0.9492,1
2011-02-18,0.9996,1
2011-02-19,0.8949,1
2011-02-20,0.994,1
2011-02-21,0.9997,1
2011-02-22,0.0572,0
2011-02-23,0.9788,1
2011-02-24,0.0003,0
2011-02-25,1,1
2011-02-26,0.9996,1
2011-02-27,0.9971,1
2011-02-28,0.9995,1
2011-03-01,0.5598,1
2011-03-02,0.9999,1
2011-03-03,0.9999,1
2011-03-04,0.0242,0
2011-03-05,0.049,0
2011-03-06,0.9915,1
2011-03-07,0.0002,0
2011-03-08,0.9995,1
2011-03-09,0.5889,1
2011-03-10,0.1325,0
2011-03-11,0.9846,1
2011-03-12,0.9648,1
2011-03-13,0.8683,1
2011-03-14,0.0189,0
2011-03-15,0.0048,0
2011-03-16,0,0
2011-03-17,1,1
2011-03-18,0.9879,1
2011-03-19,0.0299,0
2011-03-20,0.1354,0
2011-03-21,0.9849,1
2011-03-22,0.002,0
2011-03-23,0.9997,1
2011-03-24,0.7965,1
2011-03-25,0.9884,1
2011-03-26,0.2189,0
2011-03-27,0.0373,0
2011-03-28,0.0009,0
2011-03-29,1,1
2011-03-30,0.9932,1
2011-03-31,0.3906,0
2011-04-01,1,1
2011-04-02,1,1
2011-04-03,0.9534,1
2011-04-04,0.9999,1
2011-04-05,0.1869,0
2011-04-06,0.9998,1
2011-04-07,0.0002,0
2011-04-08,0.8518,1
2011-04-09,0.5011,1
2011-04-10,0.1571,0
2011-04-11,0.2988,0
2011-04-12,0.436,0
2011-04-13,1,1
2011-04-14,1,1
2011-04-15,0.999,1
2011-04-16,0.9992,1
2011-04-17,0.4793,0
2011-04-18,0.6266,1
2011-04-19,0.9999,1
2011-04-20,0.9999,1
2011-04-21,0.9629,1
2011-04-22,0.915,1
2011-04-23,0.7492,1
2011-04-24,0.9973,1
2011-04-25,0.044,0
2011-04-26,1,1
2011-04-27,0.9939,1
2011-04-28,0.927,1
2011-04-29,1,1
2011-04-30,0.4385,0
2011-05-01,0.668,1
2011-05-02,0,0
2011-05-03,0.358,0
2011-05-04,0,0
2011-05-05,0,0
2011-05-06,0.2739,0
2011-05-07,0.6576,1
2011-05-08,0.0028,0
2011-05-09,0.9976,1
2011-05-10,0.3431,0
2011-05-11,0.074,0
2011-05-12,0.9999,1
2011-05-13,0.0019,0
2011-05-14,0.1107,0
2011-05-15,0.0166,0
2011-05-16,0,0
2011-05-17,0,0
2011-05-18,0.2901,0
2011-05-19,0.9996,1
2011-05-20,0.0052,0
2011-05-21,0.1986,0
2011-05-22,0.9994,1
2011-05-23,0.0127,0
2011-05-24,0.3186,0
2011-05-25,0.9986,1
2011-05-26,0.9489,1
2011-05-27,1,1
2011-05-28,0.9999,1
2011-05-29,0.2023,0
2011-05-30,0.921,1
2011-05-31,0.9936,1
2011-06-01,0.0001,0
2011-06-02,0.5317,1
2011-06-03,0.0964,0
2011-06-04,0.3953,0
2011-06-05,0.4284,0
2011-06-06,0,0
2011-06-07,0.0222,0
2011-06-08,0,0
2011-06-09,1,1
2011-06-10,0.0001,0
2011-06-11,0.9309,1
2011-06-12,0.0684,0
2011-06-13,1,1
2011-06-14,0.956,1
2011-06-15,0.0038,0
2011-06-16,0.9998,1
2011-06-17,0.9994,1
2011-06-18,0.6962,1
2011-06-19,0.9993,1
2011-06-20,0.6411,1
2011-06-21,0.9972,1
2011-06-22,0.0266,0
2011-06-23,0,0
2011-06-24,0.0001,0
2011-06-25,0.5594,1
2011-06-26,0.9603,1
2011-06-27,0.9951,1
2011-06-28,0.9995,1
2011-06-29,0.9999,1
2011-06-30,0.9903,1
2011-07-01,0.9642,1
2011-07-02,0.1084,0
2011-07-03,0.8131,1
2011-07-04,0.0199,0
2011-07-05,0.0262,0
2011-07-06,0.2986,0
2011-07-07,0.1862,0
2011-07-08,0,0
2011-07-09,0.9621,1
2011-07-10,0.2857,0
2011-07-11,0.0001,0
2011-07-12,0,0
2011-07-13,0.9999,1
2011-07-14,0.0002,0
2011-07-15,0.9494,1
2011-07-16,0.1475,0
2011-07-17,0,0
2011-07-18,0,0
2011-07-19,0.9919,1
2011-07-20,0,0
2011-07-21,0.9157,1
2011-07-22,0,0
2011-07-23,0.0021,0
2011-07-24,0.0101,0
2011-07-25,0,0
2011-07-26,0,0
2011-07-27,0.1187,0
2011-07-28,0.0211,0
2011-07-29,0.9136,1
2011-07-30,0.1341,0
2011-07-31,0.9819,1
2011-08-01,0.0004,0
2011-08-02,0,0
2011-08-03,0.9981,1
2011-08-04,0,0
2011-08-05,0.9926,1
2011-08-06,0.9948,1
2011-08-07,0.0176,0
2011-08-08,0.0006,0
2011-08-09,0.9999,1
2011-08-10,0.0006,0
2011-08-11,0.9162,1
2011-08-12,0.9988,1
2011-08-13,0.6863,1
2011-08-14,0.003,0
2011-08-15,1,1
2011-08-16,0.0001,0
2011-08-17,1,1
2011-08-18,0.0016,0
2011-08-19,0.0006,0
2011-08-20,0.992,1
2011-08-21,0.876,1
2011-08-22,0.9322,1
2011-08-23,0.9999,1
2011-08-24,0.9424,1
2011-08-25,0.0336,0
2011-08-26,0.9998,1
2011-08-27,0.9884,1
2011-08-28,0.4597,0
2011-08-29,0.9397,1
2011-08-30,0.9998,1
2011-08-31,0.9995,1
2011-09-01,0.0004,0
2011-09-02,0.0002,0
2011-09-03,0.0042,0
2011-09-04,0.0262,0
2011-09-05,0.9994,1
2011-09-06,0,0
2011-09-07,0.9982,1
2011-09-08,0.0096,0
2011-09-09,0.4689,0
2011-09-10,1,1
2011-09-11,0.9989,1
2011-09-12,0.7872,1
2011-09-13,0.9999,1
2011-09-14,0.9839,1
2011-09-15,0.9981,1
2011-09-16,0.4742,0
2011-09-17,0.9891,1
2011-09-18,0.7324,1
2011-09-19,0.0006,0
2011-09-20,0.009,0
2011-09-21,0.0391,0
2011-09-22,0.9927,1
2011-09-23,1,1
2011-09-24,0.7779,1
2011-09-25,0.9769,1
2011-09-26,1,1
2011-09-27,0.6641,1
2011-09-28,0.1066,0
2011-09-29,0.9981,1
2011-09-30,0.0017,0
2011-10-01,0.9772,1
2011-10-02,0.9963,1
2011-10-03,0.2216,0
2011-10-04,0.9995,1
2011-10-05,0.5158,1
2011-10-06,1,1
2011-10-07,0.0783,0
2011-10-08,0.6764,1
2011-10-09,0.0487,0
2011-10-10,1,1
2011-10-11,0.5041,1
2011-10-12,1,1
2011-10-13,0.001,0
2011-10-14,0.6486,1
2011-10-15,0.0076,0
2011-10-16,0.7994,1
2011-10-17,0.9859,1
2011-10-18,0.9976,1
2011-10-19,0.163,0
2011-10-20,0.9999,1
2011-10-21,0.9999,1
2011-10-22,0.5266,1
2011-10-23,0.9123,1
2011-10-24,0.9954,1
2011-10-25,0.9436,1
2011-10-26,0.9999,1
2011-10-27,0.9996,1
2011-10-28,0.9999,1
2011-10-29,0.9966,1
2011-10-30,0.9998,1
2011-10-31,0,0
2011-11-01,0.0066,0
2011-11-02,0.9971,1
2011-11-03,0.9757,1
2011-11-04,0.0001,0
2011-11-05,0.9937,1
2011-11-06,0.3589,0
2011-11-07,0.337,0
2011-11-08,1,1
2011-11-09,0,0
2011-11-10,1,1
2011-11-11,0.0427,0
2011-11-12,0,0
2011-11-13,0.9982,1
2011-11-14,0.0004,0
2011-11-15,1,1
2011-11-16,0.2061,0
2011-11-17,0,0
2011-11-18,1,1
2011-11-19,0.9999,1
2011-11-20,0.8521,1
2011-11-21,0.0008,0
2011-11-22,0.0045,0
2011-11-23,0.0037,0
2011-11-24,0.9994,1
2011-11-25,0.0006,0
2011-11-26,0.8265,1
2011-11-27,0.0662,0
2011-11-28,0.9991,1
2011-11-29,0.9309,1
2011-11-30,1,1
2011-12-01,0.0038,0
2011-12-02,0.0514,0
2011-12-03,0.084,0
2011-12-04,0.9997,1
2011-12-05,1,1
2011-12-06,1,1
2011-12-07,0.9868,1
2011-12-08,0.0007,0
2011-12-09,1,1
2011-12-10,0.9876,1
2011-12-11,0.0317,0
2011-12-12,0,0
2011-12-13,0,0
2011-12-14,0.0001,0
2011-12-15,1,1
2011-12-16,0,0
2011-12-17,0.9671,1
2011-12-18,0.9892,1
2011-12-19,0.101,0
2011-12-20,0.9999,1
2011-12-21,0.9934,1
2011-12-22,1,1
2011-12-23,0.1154,0
2011-12-24,0.9974,1
2011-12-25,0.7465,1
2011-12-26,0.7596,1
2011-12-27,0.0001,0
2011-12-28,0.0003,0
2011-12-29,1,1
2011-12-30,0.0055,0
2011-12-31,0.6537,1
2012-01-01,0.4557,0
2012-01-02,0.0007,0
2012-01-03,0.8085,1
2012-01-04,0.9999,1
2012-01-05,0.0031,0
2012-01-06,0,0
2012-01-07,0.9807,1
2012-01-08,0.6446,1
2012-01-09,0.9996,1
2012-01-10,0.9968,1
2012-01-11,0,0
2012-01-12,0.9942,1
2012-01-13,0.0003,0
2012-01-14,0.2731,0
2012-01-15,0.9828,1
2012-01-16,0.0185,0
2012-01-17,0.9264,1
2012-01-18,0.9911,1
2012-01-19,1,1
2012-01-20,1,1
2012-01-21,0.0985,0
2012-01-22,0.9997,1
2012-01-23,0.0001,0
2012-01-24,0.0769,0
2012-01-25,0.9954,1
2012-01-26,0.0006,0
2012-01-27,0.0007,0
2012-01-28,0.0139,0
2012-01-29,0.3343,0
2012-01-30,0.0005,0
2012-01-31,0.3209,0
2012-02-01,0.9051,1
2012-02-02,0.0016,0
2012-02-03,0.8036,1
2012-02-04,0.3974,0
2012-02-05,0.9828,1
2012-02-06,0.1018,0
2012-02-07,1,1
2012-02-08,0.9986,1
2012-02-09,0.9998,1
2012-02-10,0.1248,0
2012-02-11,0.812,1
2012-02-12,0.0748,0
2012-02-13,0.9114,1
2012-02-14,0.5271,1
2012-02-15,0.0019,0
2012-02-16,0.9972,1
2012-02-17,1,1
2012-02-18,0.0072,0
2012-02-19,0.3986,0
2012-02-20,0.6678,1
2012-02-21,0.8814,1
2012-02-22,0.0135,0
2012-02-23,0.9779,1
2012-02-24,0.0039,0
2012-02-25,0.8247,1
2012-02-26,0.9857,1
2012-02-27,0.0043,0
2012-02-28,0.9956,1
2012-02-29,0.0001,0
2012-03-01,0.1736,0
2012-03-02,0,0
2012-03-03,0.001,0
2012-03-04,0.7817,1
2012-03-05,0,0
2012-03-06,0.9173,1
2012-03-07,0.1578,0
2012-03-08,0.9812,1
2012-03-09,1,1
2012-03-10,0.9751,1
2012-03-11,0.9988,1
2012-03-12,1,1
2012-03-13,0.7362,1
2012-03-14,0.9999,1
2012-03-15,1,1
2012-03-16,0,0
2012-03-17,0.8426,1
2012-03-18,0.382,0
2012-03-19,0.8178,1
2012-03-20,0.0306,0
2012-03-21,0.6452,1
2012-03-22,0.008,0
2012-03-23,0.8311,1
2012-03-24,0.069,0
2012-03-25,0.8868,1
2012-03-26,0.9978,1
2012-03-27,0.0016,0
2012-03-28,0.0005,0
2012-03-29,0.999,1
2012-03-30,0.9092,1
2012-03-31,0.4082,0
2012-04-01,0,0
2012-04-02,0.9995,1
2012-04-03,0.0018,0
2012-04-04,0,0
2012-04-05,0.0002,0
2012-04-06,0.0001,0
2012-04-07,0.1692,0
2012-04-08,0.9564,1
2012-04-09,0.0262,0
2012-04-10,0.1462,0
2012-04-11,0.9902,1
2012-04-12,0.8561,1
2012-04-13,0,0
2012-04-14,0.2204,0
2012-04-15,0.4118,0
2012-04-16,1,1
2012-04-17,0.9998,1
2012-04-18,0.0036,0
2012-04-19,0.0133,0
2012-04-20,1,1
2012-04-21,0.0568,0
2012-04-22,0.1946,0
2012-04-23,0.0444,0
2012-04-24,0.7963,1
2012-04-25,0.9777,1
2012-04-26,0.268,0
2012-04-27,0.9996,1
2012-04-28,0.0001,0
2012-04-29,0.8636,1
2012-04-30,0.0003,0
2012-05-01,0.9999,1
2012-05-02,0,0
2012-05-03,0,0
2012-05-04,0.003,0
2012-05-05,0.9699,1
2012-05-06,0.0709,0
2012-05-07,0.0005,0
2012-05-08,0.0626,0
2012-05-09,0,0
2012-05-10,1,1
2012-05-11,0,0
2012-05-12,0.9361,1
2012-05-13,0.0032,0
2012-05-14,0.0051,0
2012-05-15,0,0
2012-05-16,0,0
2012-05-17,0.0001,0
2012-05-18,0.0923,0
2012-05-19,0.0164,0
2012-05-20,0.968,1
2012-05-21,0.9757,1
2012-05-22,0.0228,0
2012-05-23,0.0003,0
2012-05-24,0.9999,1
2012-05-25,0,0
2012-05-26,0.5969,1
2012-05-27,0.9554,1
2012-05-28,0.9995,1
2012-05-29,1,1
2012-05-30,0.0408,0
2012-05-31,0.0008,0
2012-06-01,0.0001,0
2012-06-02,0.9967,1
2012-06-03,0.7657,1
2012-06-04,0.0002,0
2012-06-05,1,1
2012-06-06,0.9532,1
2012-06-07,0.7601,1
2012-06-08,0.4373,0
2012-06-09,0.6216,1
2012-06-10,0.9829,1
2012-06-11,0.0567,0
2012-06-12,0.9993,1
2012-06-13,0.0066,0
2012-06-14,0.9863,1
2012-06-15,0.8609,1
2012-06-16,0.6715,1
2012-06-17,0.9989,1
2012-06-18,0.0065,0
2012-06-19,0.8304,1
2012-06-20,0.9086,1
2012-06-21,0.2906,0
2012-06-22,1,1
2012-06-23,0.2157,0
2012-06-24,0.9998,1
2012-06-25,0.0954,0
2012-06-26,0.9161,1
2012-06-27,1,1
2012-06-28,0.1512,0
2012-06-29,0.9896,1
2012-06-30,0.9856,1
2012-07-01,0.9423,1
2012-07-02,0.0045,0
2012-07-03,0.9571,1
2012-07-04,0.3195,0
2012-07-05,0,0
2012-07-06,0,0
2012-07-07,0.98,1
2012-07-08,0.039,0
2012-07-09,0.0022,0
2012-07-10,0,0
2012-07-11,0.0002,0
2012-07-12,0,0
2012-07-13,0.999,1
2012-07-14,0.003,0
2012-07-15,0.0476,0
2012-07-16,0.0147,0
2012-07-17,0.9914,1
2012-07-18,0.9999,1
2012-07-19,0.9997,1
2012-07-20,0.0006,0
2012-07-21,0.9348,1
2012-07-22,0.9203,1
2012-07-23,0.0021,0
2012-07-24,0,0
2012-07-25,1,1
2012-07-26,0.9999,1
2012-07-27,0.9756,1
2012-07-28,0.5763,1
2012-07-29,0.0952,0
2012-07-30,0.0608,0
2012-07-31,0.0002,0
2012-08-01,0.0044,0
2012-08-02,0.0002,0
2012-08-03,0.8533,1
2012-08-04,0.5867,1
2012-08-05,0.9892,1
2012-08-06,1,1
2012-08-07,0.9983,1
2012-08-08,1,1
2012-08-09,0.0396,0
2012-08-10,0.9999,1
2012-08-11,0.0035,0
2012-08-12,0.3233,0
2012-08-13,0.0081,0
2012-08-14,0.9991,1
2012-08-15,0.0001,0
2012-08-16,0.9999,1
2012-08-17,0.9995,1
2012-08-18,0.9548,1
2012-08-19,0.9983,1
2012-08-20,0.0003,0
2012-08-21,0.0699,0
2012-08-22,0,0
2012-08-23,0.0001,0
2012-08-24,0.9982,1
2012-08-25,0.0093,0
2012-08-26,0.9998,1
2012-08-27,0.0087,0
2012-08-28,0,0
2012-08-29,1,1
2012-08-30,0.0014,0
2012-08-31,1,1
2012-09-01,0.633,1
2012-09-02,0.0097,0
2012-09-03,0.1171,0
2012-09-04,0.0001,0
2012-09-05,0.9955,1
2012-09-06,0.9905,1
2012-09-07,1,1
2012-09-08,0.6806,1
2012-09-09,0.9946,1
2012-09-10,0,0
2012-09-11,0.9883,1
2012-09-12,0.9988,1
2012-09-13,1,1
2012-09-14,1,1
2012-09-15,0.9984,1
2012-09-16,0.9605,1
2012-09-17,0.0006,0
2012-09-18,0.6773,1
2012-09-19,0.9547,1
2012-09-20,0.9978,1
2012-09-21,0.0025,0
2012-09-22,0.0016,0
2012-09-23,0.0025,0
2012-09-24,0.0021,0
2012-09-25,0.0034,0
2012-09-26,0.1023,0
2012-09-27,1,1
2012-09-28,0.0001,0
2012-09-29,0.8131,1
2012-09-30,0.0021,0
2012-10-01,0.5976,1
2012-10-02,0,0
2012-10-03,0.0868,0
2012-10-04,0.7137,1
2012-10-05,1,1
2012-10-06,0.2112,0
2012-10-07,0.0001,0
2012-10-08,0.0174,0
2012-10-09,0.0291,0
2012-10-10,0.0023,0
2012-10-11,0.0014,0
2012-10-12,0.9991,1
2012-10-13,0.897,1
2012-10-14,0.9975,1
2012-10-15,1,1
2012-10-16,0.9665,1
2012-10-17,0.988,1
2012-10-18,0.0009,0
2012-10-19,0.0032,0
2012-10-20,0.3909,0
2012-10-21,0.6951,1
2012-10-22,0.9997,1
2012-10-23,0.017,0
2012-10-24,0.0024,0
2012-10-25,0.9996,1
2012-10-26,0.9999,1
2012-10-27,0,0
2012-10-28,0.7022,1
2012-10-29,0.7361,1
2012-10-30,0.999,1
2012-10-31,0,0
2012-11-01,0.9999,1
2012-11-02,0.0341,0
2012-11-03,0.1516,0
2012-11-04,0.0152,0
2012-11-05,1,1
2012-11-06,1,1
2012-11-07,0.0559,0
2012-11-08,0,0
2012-11-09,1,1
2012-11-10,0.0023,0
2012-11-11,0.0039,0
2012-11-12,0.0004,0
2012-11-13,0.0013,0
2012-11-14,0.9937,1
2012-11-15,0.4794,0
2012-11-16,1,1
2012-11-17,0.1161,0
2012-11-18,0.9484,1
2012-11-19,0.9994,1
2012-11-20,0.2385,0
2012-11-21,1,1
2012-11-22,0.0791,0
2012-11-23,0.9984,1
2012-11-24,0.9713,1
2012-11-25,0.8726,1
2012-11-26,0.0008,0
2012-11-27,0.0353,0
2012-11-28,0.9997,1
2012-11-29,0.8665,1
2012-11-30,0.9986,1
2012-12-01,0.7368,1
2012-12-02,0.9923,1
2012-12-03,0.3165,0
2012-12-04,0.4596,0
2012-12-05,0.8708,1
2012-12-06,1,1
2012-12-07,0.9083,1
2012-12-08,0.9975,1
2012-12-09,0.9976,1
2012-12-10,0.9895,1
2012-12-11,0.9999,1
2012-12-12,0.2242,0
2012-12-13,0.0676,0
2012-12-14,0.035,0
2012-12-15,0.1624,0
2012-12-16,0.277,0
2012-12-17,0.4635,0
2012-12-18,0.9997,1
2012-12-19,0,0
2012-12-20,0.9947,1
2012-12-21,0.5313,1
2012-12-22,0.0423,0
2012-12-23,0.3827,0
2012-12-24,0.002,0
2012-12-25,0.7987,1
2012-12-26,0,0
2012-12-27,0.0179,0
2012-12-28,0,0
2012-12-29,0.9999,1
2012-12-30,0.9998,1
2012-12-31,0.9999,1
2013-01-01,0.9884,1
2013-01-02,0.9962,1
2013-01-03,0.0041,0
2013-01-04,0.3926,0
2013-01-05,0.9236,1
2013-01-06,0.8319,1
2013-01-07,0.0406,0
2013-01-08,0.0445,0
2013-01-09,0.1696,0
2013-01-10,1,1
2013-01-11,1,1
2013-01-12,0.8611,1
2013-01-13,0.5769,1
2013-01-14,0.9938,1
2013-01-15,0.8949,1
2013-01-16,0.0069,0
2013-01-17,0.8305,1
2013-01-18,0.9805,1
2013-01-19,0.5391,1
2013-01-20,0.3078,0
2013-01-21,0.9779,1
2013-01-22,0.9994,1
2013-01-23,0.9964,1
2013-01-24,0.9997,1
2013-01-25,1,1
2013-01-26,0.9887,1
2013-01-27,0.3989,0
2013-01-28,0.0002,0
2013-01-29,0.9995,1
2013-01-30,0,0
2013-01-31,0,0
2013-02-01,0.9996,1
2013-02-02,0.9853,1
2013-02-03,0.7238,1
2013-02-04,0.0987,0
2013-02-05,1,1
2013-02-06,1,1
2013-02-07,0.0005,0
2013-02-08,0.9984,1
2013-02-09,0.349,0
2013-02-10,0.7207,1
2013-02-11,0.0001,0
2013-02-12,0.9996,1
2013-02-13,0.0094,0
2013-02-14,0.0003,0
2013-02-15,0.9949,1
2013-02-16,0.0159,0
2013-02-17,0.5374,1
2013-02-18,0.1456,0
2013-02-19,0.98,1
2013-02-20,0.0006,0
2013-02-21,0.0005,0
2013-02-22,0.9987,1
2013-02-23,0.2616,0
2013-02-24,0.0051,0
2013-02-25,0.0107,0
2013-02-26,0.9796,1
2013-02-27,0.8711,1
2013-02-28,0.0007,0
2013-03-01,0.9991,1
2013-03-02,0.9486,1
2013-03-03,0.0029,0
2013-03-04,0.9999,1
2013-03-05,0.9945,1
2013-03-06,0.9584,1
2013-03-07,0.9997,1
2013-03-08,0.9999,1
2013-03-09,0.989,1
2013-03-10,0.95,1
2013-03-11,0.9998,1
2013-03-12,1,1
2013-03-13,0.9812,1
2013-03-14,0.3223,0
2013-03-15,0.0015,0
2013-03-16,0.803,1
2013-03-17,0.0514,0
2013-03-18,0.0003,0
2013-03-19,0.9911,1
2013-03-20,0.9972,1
2013-03-21,0.0213,0
2013-03-22,0.9998,1
2013-03-23,0.9924,1
2013-03-24,0.9881,1
2013-03-25,0.007,0
2013-03-26,0.9999,1
2013-03-27,0.0018,0
2013-03-28,0.9939,1
2013-03-29,0.2653,0
2013-03-30,0.9959,1
2013-03-31,0.2415,0
2013-04-01,0.0028,0
2013-04-02,0.9905,1
2013-04-03,0.0001,0
2013-04-04,0.9101,1
2013-04-05,0.9999,1
2013-04-06,0.9402,1
2013-04-07,0.9989,1
2013-04-08,0.965,1
2013-04-09,0.9996,1
2013-04-10,0.9547,1
2013-04-11,0.9997,1
2013-04-12,0.0281,0
2013-04-13,0.9895,1
2013-04-14,0.5694,1
2013-04-15,0,0
2013-04-16,0.9997,1
2013-04-17,0.011,0
2013-04-18,0.0005,0
2013-04-19,1,1
2013-04-20,0.9993,1
2013-04-21,0.2966,0
2013-04-22,0.9963,1
2013-04-23,0.999,1
2013-04-24,0,0
2013-04-25,0.9695,1
2013-04-26,1,1
2013-04-27,0.9767,1
2013-04-28,0.9852,1
2013-04-29,0.9855,1
2013-04-30,0.9994,1
2013-05-01,0.0001,0
2013-05-02,1,1
2013-05-03,0.9999,1
2013-05-04,0.6281,1
2013-05-05,0.9859,1
2013-05-06,0.0002,0
2013-05-07,0.9993,1
2013-05-08,0.0199,0
2013-05-09,0.0002,0
2013-05-10,0.9452,1
2013-05-11,0.8037,1
2013-05-12,0.4702,0
2013-05-13,0.0221,0
2013-05-14,0.7654,1
2013-05-15,0.9992,1
2013-05-16,0,0
2013-05-17,0.7921,1
2013-05-18,0.0209,0
2013-05-19,0.9993,1
2013-05-20,0.0046,0
2013-05-21,1,1
2013-05-22,0.0038,0
2013-05-23,0,0
2013-05-24,0.994,1
2013-05-25,0.9664,1
2013-05-26,0.6538,1
2013-05-27,0.4536,0
2013-05-28,1,1
2013-05-29,0.0001,0
2013-05-30,1,1
2013-05-31,0,0
2013-06-01,0.8301,1
2013-06-02,0.0967,0
2013-06-03,0.9859,1
2013-06-04,0.0002,0
2013-06-05,0.0002,0
2013-06-06,0.9997,1
2013-06-07,0.824,1
2013-06-08,0.0015,0
2013-06-09,0.3112,0
2013-06-10,0.0014,0
2013-06-11,0.0137,0
2013-06-12,0,0
2013-06-13,1,1
2013-06-14,0.0008,0
2013-06-15,0.9256,1
2013-06-16,0.276,0
2013-06-17,1,1
2013-06-18,0.9998,1
2013-06-19,0,0
2013-06-20,0.0983,0
2013-06-21,0.97,1
2013-06-22,0.0756,0
2013-06-23,0.0007,0
2013-06-24,0.0027,0
2013-06-25,0.9999,1
2013-06-26,0.9983,1
2013-06-27,0.9994,1
2013-06-28,0,0
2013-06-29,0.0003,0
2013-06-30,0.9928,1
2013-07-01,0.9942,1
2013-07-02,0.1353,0
2013-07-03,1,1
2013-07-04,0.0046,0
2013-07-05,1,1
2013-07-06,0.9976,1
2013-07-07,0.2918,0
2013-07-08,0.999,1
2013-07-09,0.9833,1
2013-07-10,0.0077,0
2013-07-11,1,1
2013-07-12,0.9673,1
2013-07-13,0.0117,0
2013-07-14,0.0034,0
2013-07-15,0.9998,1
2013-07-16,0.0001,0
2013-07-17,0.9998,1
2013-07-18,0.5264,1
2013-07-19,0.0006,0
2013-07-20,0.6243,1
2013-07-21,0.9637,1
2013-07-22,0.9999,1
2013-07-23,0.9999,1
2013-07-24,0.0029,0
2013-07-25,1,1
2013-07-26,0.9595,1
2013-07-27,0.7488,1
2013-07-28,0.0228,0
2013-07-29,0.001,0
2013-07-30,0.0476,0
2013-07-31,0,0
2013-08-01,1,1
2013-08-02,1,1
2013-08-03,0.1364,0
2013-08-04,0.2281,0
2013-08-05,0.0003,0
2013-08-06,0.0282,0
2013-08-07,0.0012,0
2013-08-08,0.9998,1
2013-08-09,0.0188,0
2013-08-10,0.0464,0
2013-08-11,1,1
2013-08-12,0,0
2013-08-13,0.9997,1
2013-08-14,0.0005,0
2013-08-15,0.0143,0
2013-08-16,0.0033,0
2013-08-17,0.0964,0
2013-08-18,0.9952,1
2013-08-19,0.0662,0
2013-08-20,0,0
2013-08-21,0.0069,0
2013-08-22,1,1
2013-08-23,0.9909,1
2013-08-24,0.6515,1
2013-08-25,0.9255,1
2013-08-26,0,0
2013-08-27,0.0021,0
2013-08-28,0.6817,1
2013-08-29,1,1
2013-08-30,0.0011,0
2013-08-31,0.9918,1
2013-09-01,0.0824,0
2013-09-02,0.9815,1
2013-09-03,1,1
2013-09-04,0.9996,1
2013-09-05,1,1
2013-09-06,0.0031,0
2013-09-07,0.2512,0
2013-09-08,1,1
2013-09-09,0.9944,1
2013-09-10,0.9997,1
2013-09-11,0.9991,1
2013-09-12,0.0668,0
2013-09-13,0.9982,1
2013-09-14,0.0139,0
2013-09-15,0.9645,1
2013-09-16,0.7881,1
2013-09-17,0.6651,1
2013-09-18,1,1
2013-09-19,0.0596,0
2013-09-20,0.1125,0
2013-09-21,0.5579,1
2013-09-22,0.2423,0
2013-09-23,0.1441,0
2013-09-24,0.0018,0
2013-09-25,0.0172,0
2013-09-26,1,1
2013-09-27,0.0066,0
2013-09-28,0.8363,1
2013-09-29,0.9562,1
2013-09-30,0.0005,0
2013-10-01,0.2556,0
2013-10-02,0.0014,0
2013-10-03,0.9354,1
2013-10-04,0.9994,1
2013-10-05,0.6522,1
2013-10-06,0.9131,1
2013-10-07,0.0147,0
2013-10-08,0.5833,1
2013-10-09,0.9998,1
2013-10-10,0.9999,1
2013-10-11,0.9995,1
2013-10-12,0.9895,1
2013-10-13,0.9689,1
2013-10-14,0.9716,1
2013-10-15,0.0021,0
2013-10-16,0.9997,1
2013-10-17,0.2756,0
2013-10-18,1,1
2013-10-19,0.9999,1
2013-10-20,0.9229,1
2013-10-21,0.0039,0
2013-10-22,0.9984,1
2013-10-23,0.001,0
2013-10-24,0.9999,1
2013-10-25,0.9991,1
2013-10-26,0.9993,1
2013-10-27,0.0471,0
2013-10-28,0,0
2013-10-29,0.8586,1
2013-10-30,0.0001,0
2013-10-31,0,0
2013-11-01,0.998,1
2013-11-02,0.9667,1
2013-11-03,0.881,1
2013-11-04,0.927,1
2013-11-05,0.0031,0
2013-11-06,0.9997,1
2013-11-07,0.0003,0
2013-11-08,0.9995,1
2013-11-09,0.0766,0
2013-11-10,0.5427,1
2013-11-11,0.5342,1
2013-11-12,0,0
2013-11-13,0.9997,1
2013-11-14,0.9606,1
2013-11-15,0.9999,1
2013-11-16,0.1517,0
2013-11-17,0.1598,0
2013-11-18,0.9998,1
2013-11-19,0.0025,0
2013-11-20,0,0
2013-11-21,0.9999,1
2013-11-22,0.9999,1
2013-11-23,0.2445,0
2013-11-24,0.8823,1
2013-11-25,0.8938,1
2013-11-26,0.9759,1
2013-11-27,0.7427,1
2013-11-28,0.9994,1
2013-11-29,0.205,0
2013-11-30,0.9994,1
2013-12-01,0.0477,0
2013-12-02,0.0009,0
2013-12-03,0.0009,0
2013-12-04,0,0
2013-12-05,0,0
2013-12-06,0.9938,1
2013-12-07,0.0618,0
2013-12-08,0.9255,1
2013-12-09,0.9997,1
2013-12-10,0,0
2013-12-11,0.0001,0
2013-12-12,0.0017,0
2013-12-13,0.9977,1
2013-12-14,0.9973,1
2013-12-15,0.9858,1
2013-12-16,1,1
2013-12-17,0.0017,0
2013-12-18,0.4889,0
2013-12-19,0.9997,1
2013-12-20,1,1
2013-12-21,0.9992,1
2013-12-22,0.9952,1
2013-12-23,0.9999,1
2013-12-24,1,1
2013-12-25,0.5011,1
2013-12-26,0.9999,1
2013-12-27,0.0002,0
2013-12-28,0.924,1
2013-12-29,0.3009,0
2013-12-30,0.9991,1
2013-12-31,0.9985,1
2014-01-01,0.0004,0
2014-01-02,0.0025,0
2014-01-03,1,1
2014-01-04,0.0068,0
2014-01-05,0.9596,1
2014-01-06,0.0446,0
2014-01-07,0.985,1
2014-01-08,0.0001,0
2014-01-09,0,0
2014-01-10,0.0094,0
2014-01-11,0.6271,1
2014-01-12,0.0005,0
2014-01-13,0.0008,0
2014-01-14,0.9713,1
2014-01-15,0.9348,1
2014-01-16,0.0213,0
2014-01-17,0.9996,1
2014-01-18,0.4228,0
2014-01-19,0.9777,1
2014-01-20,0.0639,0
2014-01-21,0,0
2014-01-22,0.0003,0
2014-01-23,0,0
2014-01-24,0.0014,0
2014-01-25,0.631,1
2014-01-26,0.9496,1
2014-01-27,0.0016,0
2014-01-28,0.9754,1
2014-01-29,0,0
2014-01-30,0.9991,1
2014-01-31,0.6271,1
2014-02-01,0.9973,1
2014-02-02,0.9823,1
2014-02-03,0.0022,0
2014-02-04,0.9978,1
2014-02-05,0.0001,0
2014-02-06,0.9698,1
2014-02-07,0.9999,1
2014-02-08,0.3952,0
2014-02-09,0.9975,1
2014-02-10,0.8318,1
2014-02-11,0.9904,1
2014-02-12,0.0029,0
2014-02-13,0.9984,1
2014-02-14,0.9253,1
2014-02-15,0.1073,0
2014-02-16,0.4545,0
2014-02-17,0.0178,0
2014-02-18,0.0014,0
2014-02-19,0.0001,0
2014-02-20,0.9699,1
2014-02-21,0.0001,0
2014-02-22,0.3177,0
2014-02-23,0.0108,0
2014-02-24,1,1
2014-02-25,0,0
2014-02-26,0.995,1
2014-02-27,0.9979,1
2014-02-28,0.998,1
2014-03-01,0.9983,1
2014-03-02,0.1811,0
2014-03-03,0,0
2014-03-04,0.9994,1
2014-03-05,0.7337,1
2014-03-06,0.3354,0
2014-03-07,0.8723,1
2014-03-08,0.2284,0
2014-03-09,0.8993,1
2014-03-10,0.7118,1
2014-03-11,0.0457,0
2014-03-12,0.9338,1
2014-03-13,0.3462,0
2014-03-14,0.0089,0
2014-03-15,0.7456,1
2014-03-16,0.0404,0
2014-03-17,0.9547,1
2014-03-18,0.5307,1
2014-03-19,0.2695,0
2014-03-20,0.9476,1
2014-03-21,0.0002,0
2014-03-22,0.3227,0
2014-03-23,0.8758,1
2014-03-24,0.0001,0
2014-03-25,1,1
2014-03-26,0.0019,0
2014-03-27,0.0005,0
2014-03-28,0.9998,1
2014-03-29,0.8136,1
2014-03-30,0.9177,1
2014-03-31,0.9991,1
2014-04-01,0.912,1
2014-04-02,0.9996,1
2014-04-03,0.0011,0
2014-04-04,0.0009,0
2014-04-05,0.8635,1
2014-04-06,0.7166,1
2014-04-07,0.0828,0
2014-04-08,0.8966,1
2014-04-09,1,1
2014-04-10,0,0
2014-04-11,0,0
2014-04-12,0.0754,0
2014-04-13,0.9951,1
2014-04-14,0.9999,1
2014-04-15,0.9851,1
2014-04-16,0.9997,1
2014-04-17,0.0229,0
2014-04-18,0.4578,0
2014-04-19,0.0834,0
2014-04-20,0.9241,1
2014-04-21,1,1
2014-04-22,1,1
2014-04-23,0.0502,0
2014-04-24,0.0057,0
2014-04-25,0.0001,0
2014-04-26,0.5344,1
2014-04-27,0.0589,0
2014-04-28,1,1
2014-04-29,0.9861,1
2014-04-30,0.8904,1
2014-05-01,0.0002,0
2014-05-02,0.0607,0
2014-05-03,0.7805,1
2014-05-04,0.9944,1
2014-05-05,0.9996,1
2014-05-06,0.0001,0
2014-05-07,0.9975,1
2014-05-08,0.9999,1
2014-05-09,1,1
2014-05-10,0.9367,1
2014-05-11,0.9509,1
2014-05-12,0.9509,1
2014-05-13,1,1
2014-05-14,0.8298,1
2014-05-15,0.0007,0
2014-05-16,0.9341,1
2014-05-17,0.1207,0
2014-05-18,0.9076,1
2014-05-19,1,1
2014-05-20,0.0001,0
2014-05-21,0.9948,1
2014-05-22,1,1
2014-05-23,0.9998,1
2014-05-24,0.9869,1
2014-05-25,0.9988,1
2014-05-26,0.0262,0
2014-05-27,1,1
2014-05-28,0.0005,0
2014-05-29,0.9997,1
2014-05-30,1,1
2014-05-31,0.9586,1
2014-06-01,0.9889,1
2014-06-02,0.9994,1
2014-06-03,0,0
2014-06-04,0.9675,1
2014-06-05,0.9974,1
2014-06-06,0.9992,1
2014-06-07,0.2245,0
2014-06-08,0.999,1
2014-06-09,0.9994,1
2014-06-10,0.998,1
2014-06-11,0.0008,0
2014-06-12,0,0
2014-06-13,0.9993,1
2014-06-14,0.9275,1
2014-06-15,0.8256,1
2014-06-16,0.9996,1
2014-06-17,0.9958,1
2014-06-18,0.9997,1
2014-06-19,1,1
2014-06-20,0.9872,1
2014-06-21,0.4969,0
2014-06-22,0.274,0
2014-06-23,0.735,1
2014-06-24,0.0559,0
2014-06-25,1,1
2014-06-26,0.0006,0
2014-06-27,0.9878,1
2014-06-28,0.9982,1
2014-06-29,0.8048,1
2014-06-30,0.0088,0
2014-07-01,0.1514,0
2014-07-02,0.9618,1
2014-07-03,0.0275,0
2014-07-04,0.7476,1
2014-07-05,0.9473,1
2014-07-06,0.0192,0
2014-07-07,0,0
2014-07-08,0.0468,0
2014-07-09,0.8511,1
2014-07-10,0.0005,0
2014-07-11,0.9998,1
2014-07-12,0.0031,0
2014-07-13,0.9776,1
2014-07-14,1,1
2014-07-15,0.9987,1
2014-07-16,0.9677,1
2014-07-17,0.1321,0
2014-07-18,0.8714,1
2014-07-19,0.9887,1
2014-07-20,0.7018,1
2014-07-21,0.0537,0
2014-07-22,0.9997,1
2014-07-23,0.0019,0
2014-07-24,0.0003,0
2014-07-25,0.0022,0
2014-07-26,0.5772,1
2014-07-27,0.5768,1
2014-07-28,0.9888,1
2014-07-29,0.0046,0
2014-07-30,0.0011,0
2014-07-31,0.058,0
2014-08-01,0.0001,0
2014-08-02,0.9803,1
2014-08-03,0.1781,0
2014-08-04,0.8991,1
2014-08-05,0.0719,0
2014-08-06,0.2338,0
2014-08-07,0.0018,0
2014-08-08,0.9451,1
2014-08-09,0.4262,0
2014-08-10,0.9973,1
2014-08-11,1,1
2014-08-12,0,0
2014-08-13,1,1
2014-08-14,0.9995,1
2014-08-15,0.0005,0
2014-08-16,0.9941,1
2014-08-17,0.9616,1
2014-08-18,1,1
2014-08-19,0.919,1
2014-08-20,0.9997,1
2014-08-21,0.9999,1
2014-08-22,0.0006,0
2014-08-23,0.0002,0
2014-08-24,0.6646,1
2014-08-25,1,1
2014-08-26,0.9998,1
2014-08-27,0.9998,1
2014-08-28,0.0006,0
2014-08-29,0.9899,1
2014-08-30,0.2245,0
2014-08-31,0.1256,0
2014-09-01,0.7454,1
2014-09-02,0.0004,0
2014-09-03,0.9971,1
2014-09-04,0.0818,0
2014-09-05,0.9998,1
2014-09-06,0.9979,1
2014-09-07,0.9462,1
2014-09-08,0.0008,0
2014-09-09,0,0
2014-09-10,0.2061,0
2014-09-11,0,0
2014-09-12,0.3285,0
2014-09-13,0.9792,1
2014-09-14,0.964,1
2014-09-15,0.9883,1
2014-09-16,0.986,1
2014-09-17,1,1
2014-09-18,0.9944,1
2014-09-19,0.9973,1
2014-09-20,0.053,0
2014-09-21,0.9044,1
2014-09-22,0,0
2014-09-23,0.0003,0
2014-09-24,0.0414,0
2014-09-25,0.0012,0
2014-09-26,0.1263,0
2014-09-27,0.9878,1
2014-09-28,0.8202,1
2014-09-29,0,0
2014-09-30,0,0
2014-10-01,0.0382,0
2014-10-02,0,0
2014-10-03,0.1551,0
2014-10-04,0.9239,1
2014-10-05,0.0044,0
2014-10-06,0.0027,0
2014-10-07,0.1313,0
2014-10-08,0.9992,1
2014-10-09,0,0
2014-10-10,0.0159,0
2014-10-11,0.0129,0
2014-10-12,0.9985,1
2014-10-13,0.0053,0
2014-10-14,0.4252,0
2014-10-15,0,0
2014-10-16,0,0
2014-10-17,1,1
2014-10-18,0.9859,1
2014-10-19,0.9984,1
2014-10-20,0.9654,1
2014-10-21,0.999,1
2014-10-22,0.0091,0
2014-10-23,0.9993,1
2014-10-24,0.9992,1
2014-10-25,0.0121,0
2014-10-26,0.6394,1
2014-10-27,0.9994,1
2014-10-28,1,1
2014-10-29,0.0653,0
2014-10-30,0.9994,1
2014-10-31,1,1
2014-11-01,0.9943,1
2014-11-02,0.6675,1
2014-11-03,0.1659,0
2014-11-04,0.9922,1
2014-11-05,0.9427,1
2014-11-06,0.662,1
2014-11-07,0.9953,1
2014-11-08,0.9896,1
2014-11-09,0.5143,1
2014-11-10,0.9877,1
2014-11-11,0.9997,1
2014-11-12,0.0002,0
2014-11-13,0.9997,1
2014-11-14,0.0416,0
2014-11-15,0.1278,0
2014-11-16,0.5463,1
2014-11-17,0.9779,1
2014-11-18,0.9999,1
2014-11-19,0.0024,0
2014-11-20,0.9953,1
2014-11-21,0.9997,1
2014-11-22,0.738,1
2014-11-23,1,1
2014-11-24,0.9996,1
2014-11-25,0.1173,0
2014-11-26,0.9999,1
2014-11-27,0.1625,0
2014-11-28,0.9958,1
2014-11-29,0.6577,1
2014-11-30,0.9465,1
2014-12-01,0.0017,0
2014-12-02,0.9997,1
2014-12-03,1,1
2014-12-04,0.0009,0
2014-12-05,0.9992,1
2014-12-06,0.8764,1
2014-12-07,0.9989,1
2014-12-08,0.0035,0
2014-12-09,0.0158,0
2014-12-10,0.0357,0
2014-12-11,0.9991,1
2014-12-12,0.0827,0
2014-12-13,0.0825,0
2014-12-14,0.7408,1
2014-12-15,0.0002,0
2014-12-16,0.5323,1
2014-12-17,0.9524,1
2014-12-18,0.9997,1
2014-12-19,0.9976,1
2014-12-20,0.4526,0
2014-12-21,0.0772,0
2014-12-22,0.9119,1
2014-12-23,0.5792,1
2014-12-24,0.9996,1
2014-12-25,0.0619,0
2014-12-26,1,1
2014-12-27,0.9862,1
2014-12-28,0.7594,1
2014-12-29,0.0072,0
2014-12-30,0.0005,0
2014-12-31,0.0002,0
2015-01-01,0.9996,1
2015-01-02,0.9989,1
2015-01-03,0.9855,1
2015-01-04,0.9437,1
2015-01-05,0.0084,0
2015-01-06,0.0003,0
2015-01-07,0.9831,1
2015-01-08,0.0062,0
2015-01-09,0.0031,0
2015-01-10,0.8472,1
2015-01-11,0.005,0
2015-01-12,0.7002,1
2015-01-13,0.007,0
2015-01-14,0,0
2015-01-15,0,0
2015-01-16,0.9238,1
2015-01-17,0.0017,0
2015-01-18,0.0383,0
2015-01-19,0.0008,0
2015-01-20,0.8304,1
2015-01-21,0.2064,0
2015-01-22,1,1
2015-01-23,0.005,0
2015-01-24,0.9796,1
2015-01-25,0.9937,1
2015-01-26,0.9913,1
2015-01-27,0.5421,1
2015-01-28,0.0106,0
2015-01-29,0.9955,1
2015-01-30,0.0211,0
2015-01-31,0.6582,1
2015-02-01,0.9753,1
2015-02-02,0.9978,1
2015-02-03,0.9991,1
2015-02-04,0.9789,1
2015-02-05,0.9999,1
2015-02-06,0.0346,0
2015-02-07,0.9951,1
2015-02-08,0.1691,0
2015-02-09,0.0002,0
2015-02-10,0.7644,1
2015-02-11,0.0005,0
2015-02-12,0.4213,0
2015-02-13,0.9702,1
2015-02-14,0.571,1
2015-02-15,0.7465,1
2015-02-16,0.9991,1
2015-02-17,1,1
2015-02-18,0.235,0
2015-02-19,0.0002,0
2015-02-20,0.98,1
2015-02-21,0.9776,1
2015-02-22,0.5867,1
2015-02-23,0.0278,0
2015-02-24,0.9864,1
2015-02-25,1,1
2015-02-26,0.0002,0
2015-02-27,0.0147,0
2015-02-28,0.7827,1
2015-03-01,0.9983,1
2015-03-02,1,1
2015-03-03,0.0014,0
2015-03-04,0.0077,0
2015-03-05,1,1
2015-03-06,0,0
2015-03-07,0.9253,1
2015-03-08,0.9863,1
2015-03-09,0.9998,1
2015-03-10,0,0
2015-03-11,0.0874,0
2015-03-12,0.9936,1
2015-03-13,0.0031,0
2015-03-14,0.1544,0
2015-03-15,0.9999,1
2015-03-16,0.9986,1
2015-03-17,0,0
2015-03-18,0.3476,0
2015-03-19,0.0341,0
2015-03-20,0.9997,1
2015-03-21,0.5535,1
2015-03-22,0.9083,1
2015-03-23,0.0018,0
2015-03-24,0,0
2015-03-25,0.0004,0
2015-03-26,0.5031,1
2015-03-27,0.9999,1
2015-03-28,0.0396,0
2015-03-29,0.6714,1
2015-03-30,0.2411,0
2015-03-31,0.005,0
2015-04-01,0.0007,0
2015-04-02,1,1
2015-04-03,0.7696,1
2015-04-04,0.156,0
2015-04-05,0.9594,1
2015-04-06,0.9993,1
2015-04-07,0.296,0
2015-04-08,0.3671,0
2015-04-09,0.6141,1
2015-04-10,0.9996,1
2015-04-11,0.9638,1
2015-04-12,0.9929,1
2015-04-13,0.0203,0
2015-04-14,0.9997,1
2015-04-15,0.9004,1
2015-04-16,0.1408,0
2015-04-17,0.0014,0
2015-04-18,0.7703,1
2015-04-19,0.9975,1
2015-04-20,0.9765,1
2015-04-21,0.0043,0
2015-04-22,0.9698,1
2015-04-23,0.9995,1
2015-04-24,0.9662,1
2015-04-25,0.606,1
2015-04-26,0.0071,0
2015-04-27,0,0
2015-04-28,0.9999,1
2015-04-29,0.0281,0
2015-04-30,0.0054,0
2015-05-01,0.9988,1
2015-05-02,0.9851,1
2015-05-03,0.8123,1
2015-05-04,0.9939,1
2015-05-05,0.0068,0
2015-05-06,0.004,0
2015-05-07,0.9929,1
2015-05-08,0.9994,1
2015-05-09,0.2473,0
2015-05-10,0.4239,0
2015-05-11,0.0001,0
2015-05-12,0,0
2015-05-13,0,0
2015-05-14,0.9998,1
2015-05-15,0.9942,1
2015-05-16,0.9934,1
2015-05-17,0.8682,1
2015-05-18,0.9987,1
2015-05-19,1,1
2015-05-20,0.0001,0
2015-05-21,0.8595,1
2015-05-22,0.0348,0
2015-05-23,0.8444,1
2015-05-24,0.0023,0
2015-05-25,0,0
2015-05-26,0,0
2015-05-27,0.9999,1
2015-05-28,0.0002,0
2015-05-29,0,0
2015-05-30,0.3812,0
2015-05-31,0.1521,0
2015-06-01,0.9793,1
2015-06-02,0,0
2015-06-03,0.9999,1
2015-06-04,0.0009,0
2015-06-05,0.0029,0
2015-06-06,0.973,1
2015-06-07,0.9974,1
2015-06-08,0,0
2015-06-09,0.0001,0
2015-06-10,0.9993,1
2015-06-11,1,1
2015-06-12,0.1377,0
2015-06-13,0.9091,1
2015-06-14,0.9779,1
2015-06-15,0.0188,0
2015-06-16,0.9805,1
2015-06-17,0.4067,0
2015-06-18,0.9577,1
2015-06-19,0.0021,0
2015-06-20,0.9956,1
2015-06-21,0.9778,1
2015-06-22,0.9999,1
2015-06-23,1,1
2015-06-24,0.0037,0
2015-06-25,0.002,0
2015-06-26,0.9995,1
2015-06-27,0.9645,1
2015-06-28,0.9832,1
2015-06-29,0.0113,0
2015-06-30,0.9632,1
2015-07-01,0.8629,1
2015-07-02,0.0022,0
2015-07-03,0.0146,0
2015-07-04,0.1782,0
2015-07-05,0.9673,1
2015-07-06,0,0
2015-07-07,0.2442,0
2015-07-08,0,0
2015-07-09,0.041,0
2015-07-10,0.9999,1
2015-07-11,0.5356,1
2015-07-12,0.8644,1
2015-07-13,0.9988,1
2015-07-14,0.8795,1
2015-07-15,0.1392,0
2015-07-16,0.9999,1
2015-07-17,0.6733,1
2015-07-18,0.144,0
2015-07-19,0.9057,1
2015-07-20,0.9998,1
2015-07-21,0.038,0
2015-07-22,0.0001,0
2015-07-23,0.0005,0
2015-07-24,0.0004,0
2015-07-25,0.0261,0
2015-07-26,0.5527,1
2015-07-27,0,0
2015-07-28,0.8469,1
2015-07-29,0.9956,1
2015-07-30,0.0833,0
2015-07-31,0.0034,0
2015-08-01,0.0071,0
2015-08-02,0.4644,0
2015-08-03,0.9955,1
2015-08-04,0.0004,0
2015-08-05,0.0002,0
2015-08-06,0.0005,0
2015-08-07,0,0
2015-08-08,0.0182,0
2015-08-09,0.0251,0
2015-08-10,0.9942,1
2015-08-11,0.0003,0
2015-08-12,0.0411,0
2015-08-13,0.9369,1
2015-08-14,1,1
2015-08-15,0.4114,0
2015-08-16,0.9399,1
2015-08-17,0.9938,1
2015-08-18,0.0092,0
2015-08-19,0.0003,0
2015-08-20,0.4138,0
2015-08-21,0.0013,0
2015-08-22,0.8643,1
2015-08-23,0.8367,1
2015-08-24,0,0
2015-08-25,0.0061,0
2015-08-26,0.9847,1
2015-08-27,1,1
2015-08-28,0,0
2015-08-29,0.9896,1
2015-08-30,1,1
2015-08-31,0,0
2015-09-01,0,0
2015-09-02,1,1
2015-09-03,1,1
2015-09-04,0.0001,0
2015-09-05,0.8454,1
2015-09-06,0.0707,0
2015-09-07,0.9411,1
2015-09-08,1,1
2015-09-09,0.0001,0
2015-09-10,0.9995,1
2015-09-11,0.9903,1
2015-09-12,0.994,1
2015-09-13,0.9976,1
2015-09-14,0.4517,0
2015-09-15,0.9997,1
2015-09-16,0.9995,1
2015-09-17,0.0029,0
2015-09-18,0.0587,0
2015-09-19,0.4252,0
2015-09-20,0.5465,1
2015-09-21,0.9999,1
2015-09-22,0.0427,0
2015-09-23,0.013,0
2015-09-24,0.3065,0
2015-09-25,1,1
2015-09-26,0.401,0
2015-09-27,0.0014,0
2015-09-28,0.0015,0
2015-09-29,0.9992,1
2015-09-30,1,1
2015-10-01,0.8608,1
2015-10-02,0.9727,1
2015-10-03,0.9923,1
2015-10-04,0.9924,1
2015-10-05,1,1
2015-10-06,0.9997,1
2015-10-07,0.9994,1
2015-10-08,1,1
2015-10-09,1,1
2015-10-10,0.0115,0
2015-10-11,0.9681,1
2015-10-12,0.9998,1
2015-10-13,0.8932,1
2015-10-14,0,0
2015-10-15,1,1
2015-10-16,0.9983,1
2015-10-17,0.6067,1
2015-10-18,0.9997,1
2015-10-19,0.9996,1
2015-10-20,0.0016,0
2015-10-21,0.0003,0
2015-10-22,0.9872,1
2015-10-23,1,1
2015-10-24,1,1
2015-10-25,0.9831,1
2015-10-26,0.1582,0
2015-10-27,0.1004,0
2015-10-28,0.8862,1
2015-10-29,0.0001,0
2015-10-30,0.0257,0
2015-10-31,0.9999,1
2015-11-01,0.6958,1
2015-11-02,0.9991,1
2015-11-03,0.6455,1
2015-11-04,0,0
2015-11-05,0.0022,0
2015-11-06,1,1
2015-11-07,0.4034,0
2015-11-08,0.0224,0
2015-11-09,0.0001,0
2015-11-10,0.9452,1
2015-11-11,0.0145,0
2015-11-12,0,0
2015-11-13,0,0
2015-11-14,0.3211,0
2015-11-15,0.0352,0
2015-11-16,0.9938,1
2015-11-17,0.5397,1
2015-11-18,0.9999,1
2015-11-19,0.0043,0
2015-11-20,0.9997,1
2015-11-21,0.0179,0
2015-11-22,0.9995,1
2015-11-23,0.0012,0
2015-11-24,0.9968,1
2015-11-25,0.9754,1
2015-11-26,0.0966,0
2015-11-27,0.0162,0
2015-11-28,0.6802,1
2015-11-29,0.0128,0
2015-11-30,0.0167,0
2015-12-01,0.9496,1
2015-12-02,0.0065,0
2015-12-03,0.0734,0
2015-12-04,0.9739,1
2015-12-05,0.3303,0
2015-12-06,0.486,0
2015-12-07,0.3193,0
2015-12-08,0.0038,0
2015-12-09,0.0001,0
2015-12-10,0.9995,1
2015-12-11,0.0003,0
2015-12-12,0.7655,1
2015-12-13,0.7614,1
2015-12-14,1,1
2015-12-15,0.9704,1
2015-12-16,0.9997,1
2015-12-17,0.0184,0
2015-12-18,0.001,0
2015-12-19,0.9991,1
2015-12-20,0.9942,1
2015-12-21,1,1
2015-12-22,0.9473,1
2015-12-23,0.9999,1
2015-12-24,0.0512,0
2015-12-25,0.7087,1
2015-12-26,0.9095,1
2015-12-27,0.9879,1
2015-12-28,0.0002,0
2015-12-29,0.7223,1
2015-12-30,0.0016,0
2015-12-31,0.0007,0
2016-01-01,0.8043,1
2016-01-02,0.991,1
2016-01-03,0.7967,1
2016-01-04,0.0059,0
2016-01-05,0.5883,1
2016-01-06,0.4622,0
2016-01-07,0.0006,0
2016-01-08,0.0006,0
2016-01-09,0.9984,1
2016-01-10,0.607,1
2016-01-11,0.9972,1
2016-01-12,0.9998,1
2016-01-13,0.1048,0
2016-01-14,0.9771,1
2016-01-15,0.0019,0
2016-01-16,0.0387,0
2016-01-17,0.9953,1
2016-01-18,0.3199,0
2016-01-19,0.0292,0
2016-01-20,0.0003,0
2016-01-21,0.9982,1
2016-01-22,0.9963,1
2016-01-23,0.9997,1
2016-01-24,0.4457,0
2016-01-25,0.0001,0
2016-01-26,0.9696,1
2016-01-27,0.0143,0
2016-01-28,0.9629,1
2016-01-29,0.9865,1
2016-01-30,0.0005,0
2016-01-31,0.4012,0
2016-02-01,0.0202,0
2016-02-02,0,0
2016-02-03,1,1
2016-02-04,0.9986,1
2016-02-05,0,0
2016-02-06,0.2097,0
2016-02-07,0.0009,0
2016-02-08,0.0251,0
2016-02-09,0,0
2016-02-10,0.0098,0
2016-02-11,0.0062,0
2016-02-12,0.9994,1
2016-02-13,0.0536,0
2016-02-14,0.9838,1
2016-02-15,0.1829,0
2016-02-16,0.9999,1
2016-02-17,0.8916,1
2016-02-18,0.0959,0
2016-02-19,0.0067,0
2016-02-20,0.9962,1
2016-02-21,0.2225,0
2016-02-22,0.9997,1
2016-02-23,0.0354,0
2016-02-24,0.0426,0
2016-02-25,0.9991,1
2016-02-26,0.0002,0
2016-02-27,0.0144,0
2016-02-28,0.9515,1
2016-02-29,0.0576,0
2016-03-01,0.9953,1
2016-03-02,0.9981,1
2016-03-03,0.9999,1
2016-03-04,1,1
2016-03-05,0.9304,1
2016-03-06,0.3446,0
2016-03-07,0.9993,1
2016-03-08,0.0364,0
2016-03-09,0.9925,1
2016-03-10,0.3943,0
2016-03-11,0.9795,1
2016-03-12,0.9945,1
2016-03-13,0.8089,1
2016-03-14,0.9999,1
2016-03-15,1,1
2016-03-16,1,1
2016-03-17,0.9238,1
2016-03-18,1,1
2016-03-19,0.7209,1
2016-03-20,0.9996,1
2016-03-21,0.9998,1
2016-03-22,0.0971,0
2016-03-23,0.1779,0
2016-03-24,0.9999,1
2016-03-25,0.9579,1
2016-03-26,0.0011,0
2016-03-28,0.9638,1
2016-03-29,0.9794,1
2016-03-30,0.9852,1
2016-03-31,0.0003,0
2016-04-01,1,1
2016-04-02,0.9668,1
2016-04-03,0.5676,1
2016-04-04,0,0
2016-04-05,0,0
2016-04-06,0.0045,0
2016-04-07,0,0
2016-04-08,0.9504,1
2016-04-09,0.0025,0
2016-04-10,0.741,1
2016-04-11,0.0001,0
2016-04-12,0.9846,1
2016-04-13,0.7541,1
2016-04-14,0.9959,1
2016-04-15,0,0
2016-04-16,0.5386,1
2016-04-17,0.9226,1
2016-04-18,0.9999,1
2016-04-19,1,1
2016-04-20,1,1
2016-04-21,0.0001,0
2016-04-22,0.9986,1
2016-04-23,0.9909,1
2016-04-24,0.0025,0
2016-04-25,0.0001,0
2016-04-26,0.5141,1
2016-04-27,0.9978,1
2016-04-28,0.0002,0
2016-04-29,0.0035,0
2016-04-30,0.9115,1
2016-05-01,0.0043,0
2016-05-02,0.9433,1
2016-05-03,0.0837,0
2016-05-04,0,0
2016-05-05,0.9998,1
2016-05-06,0.9186,1
2016-05-07,0.1408,0
2016-05-08,0.0065,0
2016-05-09,0.0031,0
2016-05-10,1,1
2016-05-11,0.0101,0
2016-05-12,0.9992,1
2016-05-13,0.1345,0
2016-05-14,0.8797,1
2016-05-15,0.0001,0
2016-05-16,1,1
2016-05-17,0,0
2016-05-18,0,0
2016-05-19,0.0581,0
2016-05-20,1,1
2016-05-21,0.999,1
2016-05-22,0.1081,0
2016-05-23,0.0001,0
2016-05-24,1,1
2016-05-25,0.9911,1
2016-05-26,0.0004,0
2016-05-27,0.0614,0
2016-05-28,0.7539,1
2016-05-29,0.968,1
2016-05-30,0.9602,1
2016-05-31,0.0237,0
2016-06-01,1,1
2016-06-02,0.9943,1
2016-06-03,0.0003,0
2016-06-04,0.0076,0
2016-06-05,0.0106,0
2016-06-06,0.9991,1
2016-06-07,0.9948,1
2016-06-08,0.9999,1
2016-06-09,0,0
2016-06-10,0.0002,0
2016-06-11,0.1603,0
2016-06-12,0.9927,1
2016-06-13,0.0067,0
2016-06-14,0.9978,1
2016-06-15,0.0001,0
2016-06-16,0.0692,0
2016-06-17,0.2156,0
2016-06-18,0.9614,1
2016-06-19,0.9983,1
2016-06-20,0.9965,1
2016-06-21,0.986,1
2016-06-22,0.0004,0
2016-06-23,0.9998,1
2016-06-24,0,0
2016-06-25,0.0584,0
2016-06-26,0.0007,0
2016-06-27,0.0001,0
2016-06-28,0.7003,1
2016-06-29,0.9968,1
2016-06-30,0.98,1
2016-07-01,1,1
